,,40,,,,120,,,0.5,,,,,,,,,,,,
,,129.9,,,,169,,,2,,,,,,,,,,,,
Age,Gender,Weight (kg),P1: Weight_Scaled,Height (m),Max_BPM,Avg_BPM,R1: Avg_BPM_Scaled,Resting_BPM,Session_Duration (hours),Q1: Session_Duration_Scaled,Calories_Burned,Workout_Type,L1 = Yoga,M1 = HIIT,N1 = Cardio,O1 = Strength,Fat_Percentage,Water_Intake (liters),Workout_Frequency (days/week),Experience_Level,BMI
56,1,88.3,0.537263626,1.71,180,157,0.755102041,60,1.69,0.793333333,1313,Yoga,1,0,0,0,12.6,3.5,4,3,30.2
46,0,74.9,0.388209121,1.53,179,151,0.632653061,66,1.3,0.533333333,883,HIIT,0,1,0,0,33.9,2.1,4,2,32
32,0,68.1,0.312569522,1.66,167,122,0.040816327,54,1.11,0.406666667,677,Cardio,0,0,1,0,33.4,2.3,4,2,24.71
25,1,53.2,0.146829811,1.7,190,164,0.897959184,56,0.59,0.06,532,Strength,0,0,0,1,28.8,2.1,3,1,18.41
38,1,46.1,0.06785317,1.79,188,158,0.775510204,68,0.64,0.093333333,556,Strength,0,0,0,1,29.2,2.8,3,1,14.39
56,0,58,0.200222469,1.68,168,156,0.734693878,74,1.59,0.726666667,1116,HIIT,0,1,0,0,15.5,2.7,5,3,20.55
36,1,70.3,0.337041157,1.72,174,169,1,73,1.49,0.66,1385,Cardio,0,0,1,0,21.3,2.3,3,2,23.76
40,0,69.7,0.330367075,1.51,189,141,0.428571429,64,1.27,0.513333333,895,Cardio,0,0,1,0,30.6,1.9,3,2,30.57
28,1,121.7,0.908787542,1.94,185,127,0.142857143,52,1.03,0.353333333,719,Strength,0,0,0,1,28.9,2.6,4,2,32.34
28,1,101.8,0.687430478,1.84,169,136,0.326530612,64,1.08,0.386666667,808,Cardio,0,0,1,0,29.7,2.7,3,1,30.07
41,1,120.8,0.898776418,1.67,188,146,0.530612245,54,0.82,0.213333333,593,HIIT,0,1,0,0,20.5,3,2,1,43.31
53,1,51.7,0.130144605,1.7,175,152,0.653061224,72,1.15,0.433333333,865,HIIT,0,1,0,0,23.6,3.5,3,2,17.89
57,1,112.5,0.806451613,1.61,195,165,0.918367347,61,1.24,0.493333333,1013,Cardio,0,0,1,0,22.1,2.7,3,2,43.4
41,1,94.5,0.606229143,2,179,136,0.326530612,69,1.18,0.453333333,794,HIIT,0,1,0,0,27.6,3.7,3,1,23.62
20,1,117.7,0.86429366,1.81,196,161,0.836734694,54,1.35,0.566666667,1195,Yoga,1,0,0,0,26.4,3.3,3,2,35.93
39,0,42.5,0.027808676,1.75,181,131,0.224489796,52,1.13,0.42,740,Strength,0,0,0,1,26.2,2.1,2,1,13.88
19,0,64,0.266963293,1.53,166,167,0.959183673,58,1.33,0.553333333,1111,HIIT,0,1,0,0,29.8,2.3,3,2,27.34
41,0,43.8,0.042269188,1.77,182,165,0.918367347,58,1.19,0.46,884,Cardio,0,0,1,0,31.9,1.6,3,1,13.98
47,0,66.8,0.29810901,1.75,199,146,0.530612245,56,1.13,0.42,742,Strength,0,0,0,1,32.8,2.5,3,2,21.81
55,0,75.2,0.391546162,1.67,188,167,0.959183673,51,1.37,0.58,1030,HIIT,0,1,0,0,25.2,2.2,2,1,26.96
19,1,89,0.545050056,1.77,175,127,0.142857143,72,1.5,0.666666667,1048,Strength,0,0,0,1,28.9,3.7,4,2,28.41
38,1,71.9,0.35483871,1.77,197,142,0.448979592,72,1.12,0.413333333,875,Cardio,0,0,1,0,25.7,3.1,2,1,22.95
50,0,71,0.344827586,1.68,187,161,0.836734694,70,1.17,0.446666667,848,Yoga,1,0,0,0,33.1,2.5,2,1,25.16
29,1,120.9,0.899888765,1.78,197,168,0.979591837,65,0.78,0.186666667,721,Yoga,1,0,0,0,28.1,3.4,2,1,38.16
39,0,64.3,0.270300334,1.69,190,148,0.571428571,58,1.25,0.5,925,HIIT,0,1,0,0,26.9,1.9,4,2,22.51
42,0,63.7,0.263626251,1.71,173,169,1,62,1.42,0.613333333,1080,Yoga,1,0,0,0,26.1,1.8,3,2,21.78
44,1,65.2,0.280311457,1.8,192,139,0.387755102,68,0.73,0.153333333,502,HIIT,0,1,0,0,27.2,2.7,2,1,20.12
59,1,53.9,0.15461624,1.75,168,135,0.306122449,69,1.48,0.653333333,989,Strength,0,0,0,1,21.6,2.8,4,2,17.6
45,1,84.9,0.499443826,1.86,186,136,0.326530612,66,1.64,0.76,1104,HIIT,0,1,0,0,14.2,3.5,5,3,24.54
33,0,78,0.42269188,1.68,183,135,0.306122449,55,1.29,0.526666667,871,HIIT,0,1,0,0,32.3,1.8,3,2,27.64
32,1,108.2,0.75862069,1.8,172,138,0.367346939,53,1.27,0.513333333,964,HIIT,0,1,0,0,28.4,3.5,3,1,33.4
20,0,65.4,0.282536151,1.52,185,127,0.142857143,50,1.03,0.353333333,654,Yoga,1,0,0,0,28,2.2,4,2,28.31
54,0,50.2,0.113459399,1.61,188,157,0.755102041,67,1.48,0.653333333,1046,HIIT,0,1,0,0,28.2,2.7,2,1,19.37
24,0,58.9,0.210233593,1.51,187,157,0.755102041,68,1.04,0.36,816,Cardio,0,0,1,0,31.7,2.5,2,1,25.83
38,1,81.4,0.46051168,1.71,187,148,0.571428571,58,1.52,0.68,1237,HIIT,0,1,0,0,10.2,3.5,5,3,27.84
26,1,127.6,0.974416018,1.73,167,160,0.816326531,62,1.32,0.546666667,1162,Strength,0,0,0,1,27.3,2.9,3,1,42.63
56,0,59.3,0.214682981,1.56,182,155,0.714285714,57,1.26,0.506666667,879,Cardio,0,0,1,0,33.4,2.6,4,2,24.37
35,1,96.9,0.632925473,1.71,188,145,0.510204082,72,1.34,0.56,1069,Strength,0,0,0,1,24.2,2.9,3,2,33.14
21,1,62.6,0.251390434,1.81,164,150,0.612244898,62,1.3,0.533333333,1072,Strength,0,0,0,1,27.6,3.5,4,2,19.11
42,1,45.5,0.061179088,1.6,166,163,0.87755102,64,1.31,0.54,1057,Strength,0,0,0,1,21.7,2.6,3,2,17.77
31,0,48.8,0.097886541,1.51,195,131,0.224489796,60,1.48,0.653333333,969,Cardio,0,0,1,0,28.2,2,2,1,21.4
26,0,44.3,0.047830923,1.6,186,136,0.326530612,61,1.08,0.386666667,734,Cardio,0,0,1,0,34.7,2,3,1,17.3
43,1,113.2,0.814238042,1.83,161,134,0.285714286,63,1.45,0.633333333,962,Yoga,1,0,0,0,29.9,2.9,4,2,33.8
19,0,60.5,0.228031146,1.59,184,128,0.163265306,53,1.14,0.426666667,730,Cardio,0,0,1,0,30.1,2.2,2,1,23.93
37,1,124.2,0.936596218,1.76,168,158,0.775510204,50,1.5,0.666666667,1304,HIIT,0,1,0,0,29.3,2.8,2,1,40.1
45,1,52.4,0.137931034,1.85,186,161,0.836734694,73,1.2,0.466666667,956,Strength,0,0,0,1,25.2,2.5,3,1,15.31
24,1,54.7,0.163515017,1.74,160,167,0.959183673,53,0.84,0.226666667,772,Yoga,1,0,0,0,22.9,3.6,3,1,18.07
25,1,88.1,0.535038932,1.95,182,131,0.224489796,68,1.41,0.606666667,1016,Cardio,0,0,1,0,22.7,3,2,1,23.17
52,0,59.7,0.219132369,1.71,169,151,0.632653061,58,1.23,0.486666667,836,Strength,0,0,0,1,34.3,2,3,1,20.42
31,0,79.7,0.44160178,1.54,184,144,0.489795918,59,1.03,0.353333333,742,Cardio,0,0,1,0,26.7,2.3,4,2,33.61
34,0,51,0.122358176,1.62,162,158,0.775510204,53,1.42,0.613333333,1122,Yoga,1,0,0,0,30.8,2.4,3,2,19.43
53,1,84.2,0.491657397,1.76,165,137,0.346938776,69,1.67,0.78,1133,Cardio,0,0,1,0,12.8,3.5,5,3,27.18
57,1,122.1,0.91323693,1.89,165,134,0.285714286,58,1.13,0.42,750,Cardio,0,0,1,0,27.4,3.6,3,1,34.18
21,1,96.7,0.630700779,1.72,161,151,0.632653061,62,1.26,0.506666667,1046,Strength,0,0,0,1,25,2.8,3,1,32.69
19,0,73,0.367074527,1.79,177,125,0.102040816,61,0.81,0.206666667,506,HIIT,0,1,0,0,27.7,1.6,3,1,22.78
23,1,114.8,0.832035595,1.6,182,163,0.87755102,60,1.47,0.646666667,1318,Cardio,0,0,1,0,21.7,2.7,4,2,44.84
59,0,65.5,0.283648498,1.52,161,162,0.857142857,61,1.4,0.6,1021,Yoga,1,0,0,0,31.2,2.1,3,2,28.35
21,0,50.3,0.114571746,1.52,171,154,0.693877551,67,1.08,0.386666667,832,Cardio,0,0,1,0,32.2,2.6,3,1,21.77
46,0,61,0.233592881,1.71,181,153,0.673469388,61,1.67,0.78,1150,Cardio,0,0,1,0,17.8,2.7,4,3,20.86
35,0,44.6,0.051167964,1.62,196,157,0.755102041,65,0.56,0.04,440,HIIT,0,1,0,0,32.4,2,2,1,16.99
43,0,58.2,0.202447164,1.61,179,124,0.081632653,54,1.04,0.36,580,Strength,0,0,0,1,26.4,2.6,3,2,22.45
51,0,44.8,0.053392659,1.63,198,137,0.346938776,69,1.08,0.386666667,666,Yoga,1,0,0,0,33.8,2.1,4,2,16.86
27,1,87.5,0.52836485,1.63,183,135,0.306122449,74,1.75,0.833333333,1299,Strength,0,0,0,1,12.9,3.5,5,3,32.93
53,1,51.8,0.131256952,1.74,179,127,0.142857143,61,1.23,0.486666667,773,Strength,0,0,0,1,21.3,3.7,3,2,17.11
31,0,64.4,0.271412681,1.7,160,144,0.489795918,70,1.97,0.98,1418,Strength,0,0,0,1,17.3,2.7,5,3,22.28
48,0,67.1,0.301446051,1.61,160,151,0.632653061,74,0.62,0.08,421,Cardio,0,0,1,0,33.4,1.5,2,1,25.89
32,1,85.9,0.510567297,1.6,176,145,0.510204082,60,1.99,0.993333333,1587,HIIT,0,1,0,0,14.5,3.5,5,3,33.55
25,0,65.4,0.282536151,1.77,160,141,0.428571429,58,0.89,0.26,627,Cardio,0,0,1,0,27.6,2.6,3,1,20.88
31,0,61.1,0.234705228,1.76,189,150,0.612244898,67,1.81,0.873333333,1358,Yoga,1,0,0,0,18.6,2.7,4,3,19.72
40,1,106.5,0.73971079,1.65,162,162,0.857142857,74,1.32,0.546666667,1176,HIIT,0,1,0,0,21,3.6,4,2,39.12
57,0,64,0.266963293,1.52,170,129,0.183673469,52,1.73,0.82,1004,Strength,0,0,0,1,15.2,2.7,5,3,27.7
38,0,61.4,0.238042269,1.54,183,131,0.224489796,69,1.47,0.646666667,963,HIIT,0,1,0,0,30.6,2.7,3,2,25.89
33,0,40.5,0.005561735,1.63,181,147,0.551020408,66,1.07,0.38,786,Yoga,1,0,0,0,31.9,1.5,4,2,15.24
35,1,70.1,0.334816463,1.79,185,125,0.102040816,63,1.08,0.386666667,743,Cardio,0,0,1,0,28,2.3,3,2,21.88
41,1,94.1,0.601779755,1.62,172,139,0.387755102,50,1.13,0.42,777,Cardio,0,0,1,0,23.4,3.1,4,2,35.86
43,1,55.5,0.172413793,1.82,160,124,0.081632653,66,1.08,0.386666667,663,Strength,0,0,0,1,20.1,2,3,1,16.76
42,0,53.7,0.152391546,1.72,183,142,0.448979592,74,1.37,0.58,875,Cardio,0,0,1,0,29.8,1.6,3,1,18.15
58,0,66.1,0.290322581,1.75,169,128,0.163265306,57,0.63,0.086666667,363,Cardio,0,0,1,0,25.2,1.8,2,1,21.58
46,1,103.9,0.710789766,1.77,194,148,0.571428571,54,1.18,0.453333333,864,Yoga,1,0,0,0,20.9,2.9,2,1,33.16
32,0,61.7,0.24137931,1.58,183,135,0.306122449,54,1.87,0.913333333,1262,HIIT,0,1,0,0,16.6,2.7,5,3,24.72
18,0,52.3,0.136818687,1.74,187,165,0.918367347,58,1.2,0.466666667,990,Cardio,0,0,1,0,29.4,2.2,2,1,17.27
42,0,59.5,0.216907675,1.74,195,141,0.428571429,52,1.78,0.853333333,1129,Yoga,1,0,0,0,16.4,2.7,5,3,19.65
24,0,72.9,0.36596218,1.76,175,127,0.142857143,68,0.86,0.24,546,Yoga,1,0,0,0,30.8,1.5,3,1,23.53
26,0,76.7,0.408231368,1.63,199,139,0.387755102,72,1.08,0.386666667,751,Strength,0,0,0,1,25.6,1.7,2,1,28.87
41,1,72.1,0.357063404,1.83,175,133,0.265306122,58,1.13,0.42,744,Yoga,1,0,0,0,21.4,2.8,3,2,21.53
18,0,54.8,0.164627364,1.68,176,158,0.775510204,71,1.27,0.513333333,1003,Strength,0,0,0,1,32,2.2,4,2,19.42
25,1,105,0.723025584,1.88,174,156,0.734693878,67,1.34,0.56,1150,Cardio,0,0,1,0,21.4,2.3,3,2,29.71
41,0,55,0.166852058,1.55,175,169,1,65,1.45,0.633333333,1103,Strength,0,0,0,1,31.4,2,4,2,22.89
28,1,81.6,0.462736374,1.66,174,153,0.673469388,50,1.09,0.393333333,917,Yoga,1,0,0,0,20.5,3.5,4,2,29.61
34,0,75.6,0.395995551,1.6,193,130,0.204081633,51,0.64,0.093333333,416,HIIT,0,1,0,0,29.1,2.7,2,1,29.53
25,1,81.5,0.461624027,1.61,170,159,0.795918367,63,1.93,0.953333333,1688,HIIT,0,1,0,0,10.9,3.5,4,3,31.44
52,0,61.5,0.239154616,1.69,160,152,0.653061224,63,1.8,0.866666667,1231,Cardio,0,0,1,0,15.5,2.7,4,3,21.53
52,1,74,0.378197998,1.63,174,150,0.612244898,50,1.26,0.506666667,936,Cardio,0,0,1,0,25.7,3.7,3,2,27.85
50,0,56.4,0.182424917,1.59,185,163,0.87755102,74,1.26,0.506666667,924,HIIT,0,1,0,0,34.3,2.6,3,1,22.31
22,1,102.6,0.696329255,1.84,163,153,0.673469388,65,1.25,0.5,1052,Strength,0,0,0,1,20.5,2.7,3,2,30.3
59,0,54.6,0.16240267,1.57,164,169,1,64,0.58,0.053333333,441,Cardio,0,0,1,0,29.2,2.3,3,1,22.15
56,1,129,0.989988877,1.78,194,126,0.12244898,64,1.29,0.526666667,805,Yoga,1,0,0,0,27.1,2.7,2,1,40.71
58,1,103.5,0.706340378,1.66,172,168,0.979591837,61,1.33,0.553333333,1106,Cardio,0,0,1,0,24.6,3.1,3,1,37.56
45,0,59.4,0.215795328,1.51,169,142,0.448979592,65,1.15,0.433333333,735,Strength,0,0,0,1,33.1,1.9,4,2,26.05
24,0,60.1,0.223581758,1.79,170,165,0.918367347,63,1.97,0.98,1625,Cardio,0,0,1,0,15.9,2.7,4,3,18.76
26,1,77.7,0.419354839,1.62,177,126,0.12244898,73,1.16,0.44,804,Yoga,1,0,0,0,29.6,3,3,2,29.61
25,0,41.2,0.013348165,1.62,193,144,0.489795918,64,1.49,0.66,1073,Yoga,1,0,0,0,28.9,2.1,4,2,15.7
29,1,58.6,0.206896552,1.61,198,122,0.040816327,72,1.2,0.466666667,805,Yoga,1,0,0,0,23.4,2,3,2,22.61
51,1,109.3,0.770856507,1.78,182,157,0.755102041,64,0.54,0.026666667,420,Strength,0,0,0,1,28.7,3.3,3,1,34.5
50,1,69.6,0.329254727,1.96,166,139,0.387755102,68,0.97,0.313333333,667,Strength,0,0,0,1,25.6,2,3,1,18.12
40,0,56.2,0.180200222,1.79,198,153,0.673469388,57,1.79,0.86,1369,Yoga,1,0,0,0,17.6,2.7,5,3,17.54
41,1,71.7,0.352614016,1.96,162,168,0.979591837,51,0.51,0.006666667,424,Yoga,1,0,0,0,27.3,2.5,2,1,18.66
54,1,86,0.511679644,1.93,171,163,0.87755102,51,1.74,0.826666667,1404,Strength,0,0,0,1,12.9,3.5,5,3,23.09
52,0,79.4,0.438264739,1.59,166,163,0.87755102,59,1.39,0.593333333,1020,Strength,0,0,0,1,26.6,1.5,3,2,31.41
57,0,78.4,0.427141268,1.62,185,149,0.591836735,52,1.01,0.34,677,Strength,0,0,0,1,31.7,2,4,2,29.87
39,0,55.4,0.171301446,1.6,192,136,0.326530612,72,1.44,0.626666667,979,HIIT,0,1,0,0,26.3,1.6,3,2,21.64
44,0,61.7,0.24137931,1.55,196,129,0.183673469,66,1.41,0.606666667,819,Strength,0,0,0,1,33.1,2.6,4,2,25.68
52,1,85.5,0.506117909,1.82,174,154,0.693877551,57,1.78,0.853333333,1357,Yoga,1,0,0,0,14.9,3.5,4,3,25.81
18,1,87.6,0.529477197,1.93,161,139,0.387755102,72,1.72,0.813333333,1315,HIIT,0,1,0,0,11.9,3.5,4,3,23.52
52,1,82.4,0.47163515,1.72,166,137,0.346938776,53,1.01,0.34,685,Strength,0,0,0,1,24.4,2.7,4,2,27.85
54,1,67,0.300333704,1.68,191,164,0.897959184,63,0.55,0.033333333,446,Yoga,1,0,0,0,20.5,2.8,3,1,23.74
31,0,42.3,0.025583982,1.6,163,163,0.87755102,70,1.09,0.393333333,888,Cardio,0,0,1,0,25.1,1.9,3,2,16.52
20,1,82.7,0.474972191,1.99,179,146,0.530612245,59,1.69,0.793333333,1357,HIIT,0,1,0,0,14.6,3.5,5,3,20.88
18,1,92.4,0.582869855,1.74,195,168,0.979591837,50,1.41,0.606666667,1303,Yoga,1,0,0,0,21.3,3.1,2,1,30.52
22,0,63.2,0.258064516,1.54,191,155,0.714285714,53,1.02,0.346666667,790,Cardio,0,0,1,0,29.5,2.4,4,2,26.65
43,1,82.7,0.474972191,1.85,187,142,0.448979592,50,1.22,0.48,858,Yoga,1,0,0,0,28.2,3.1,4,2,24.16
31,1,86.6,0.518353726,1.76,172,151,0.632653061,66,1.29,0.526666667,1071,Strength,0,0,0,1,28.9,3.3,3,2,27.96
56,1,129.5,0.995550612,1.95,160,129,0.183673469,66,1,0.333333333,639,Strength,0,0,0,1,25.2,3.5,2,1,34.06
44,1,98,0.64516129,1.83,194,130,0.204081633,56,1.28,0.52,824,Cardio,0,0,1,0,25.7,3.5,4,2,29.26
26,1,86.2,0.513904338,1.68,189,157,0.755102041,72,1.97,0.98,1701,Strength,0,0,0,1,13.3,3.5,5,3,30.54
32,1,78.6,0.429365962,1.62,195,125,0.102040816,69,1.28,0.52,880,Yoga,1,0,0,0,29.6,3.1,3,1,29.95
32,0,59,0.21134594,1.66,184,160,0.816326531,64,0.51,0.006666667,408,Cardio,0,0,1,0,31,1.8,2,1,21.41
43,0,57.3,0.19243604,1.79,175,166,0.93877551,62,1.98,0.986666667,1479,Yoga,1,0,0,0,17.8,2.7,4,3,17.88
59,1,122.3,0.915461624,1.89,178,153,0.673469388,51,0.66,0.106666667,500,Yoga,1,0,0,0,20.1,3.1,3,1,34.24
30,1,85.3,0.503893215,1.95,160,155,0.714285714,68,1.61,0.74,1373,Yoga,1,0,0,0,10.4,3.5,5,3,22.43
49,0,45.2,0.057842047,1.74,164,156,0.734693878,73,1.24,0.493333333,870,Strength,0,0,0,1,30.8,2.1,3,2,14.93
56,1,55.6,0.17352614,1.92,181,136,0.326530612,62,0.68,0.12,458,Strength,0,0,0,1,29.4,3.2,3,1,15.08
49,1,82.8,0.476084538,1.95,183,159,0.795918367,73,1.91,0.94,1503,Yoga,1,0,0,0,14.3,3.5,5,3,21.78
21,1,125.2,0.947719689,1.66,196,159,0.795918367,60,1.38,0.586666667,1207,HIIT,0,1,0,0,29.8,3.4,3,2,45.43
47,0,58.5,0.205784205,1.79,195,131,0.224489796,71,1.42,0.613333333,837,Yoga,1,0,0,0,30.3,2.4,4,2,18.26
54,1,86.1,0.512791991,1.95,195,140,0.408163265,64,1.17,0.446666667,811,Yoga,1,0,0,0,27.9,3.4,2,1,22.64
40,0,63.5,0.261401557,1.61,163,159,0.795918367,59,1.31,0.54,1041,Cardio,0,0,1,0,33.4,1.6,3,2,24.5
56,1,69.3,0.325917686,1.68,195,138,0.367346939,58,0.66,0.106666667,451,Yoga,1,0,0,0,26.5,2.1,2,1,24.55
32,0,70.5,0.339265851,1.62,177,122,0.040816327,58,1.24,0.493333333,756,Strength,0,0,0,1,28.4,1.8,2,1,26.86
46,0,60.1,0.223581758,1.65,175,137,0.346938776,69,1.69,0.793333333,1042,Cardio,0,0,1,0,17.3,2.7,4,3,22.08
53,1,94.1,0.601779755,1.95,177,138,0.367346939,50,0.89,0.26,608,HIIT,0,1,0,0,28.6,3.5,3,1,24.75
30,0,79.2,0.436040044,1.62,181,166,0.93877551,66,1.26,0.506666667,1046,Cardio,0,0,1,0,28,2.5,4,2,30.18
49,1,115.3,0.83759733,1.91,161,125,0.102040816,61,1.38,0.586666667,854,HIIT,0,1,0,0,29.2,3.2,2,1,31.61
24,0,62.9,0.254727475,1.79,180,135,0.306122449,59,1.42,0.613333333,958,Cardio,0,0,1,0,27.3,2.3,4,2,19.63
39,1,62,0.244716352,1.64,195,127,0.142857143,54,0.97,0.313333333,678,Cardio,0,0,1,0,27.5,3.2,3,1,23.05
45,1,88.5,0.53948832,1.78,198,167,0.959183673,67,1.53,0.686666667,1265,HIIT,0,1,0,0,13.2,3.5,4,3,27.93
19,0,73.9,0.377085651,1.77,198,137,0.346938776,64,1.28,0.52,877,Strength,0,0,0,1,32.5,2.6,3,2,23.59
59,1,50.3,0.114571746,1.95,188,167,0.959183673,55,1.07,0.38,885,Strength,0,0,0,1,24.4,3.4,3,1,13.23
23,1,83.1,0.47942158,1.8,185,162,0.857142857,56,0.7,0.133333333,624,Strength,0,0,0,1,29.3,3.1,3,1,25.65
45,0,65.1,0.27919911,1.78,180,158,0.775510204,66,1.46,0.64,1038,Cardio,0,0,1,0,31.3,2.3,3,1,20.55
45,1,46.6,0.073414905,1.79,176,168,0.979591837,55,1.46,0.64,1214,Yoga,1,0,0,0,22.9,2.4,3,2,14.54
37,1,103.5,0.706340378,1.89,175,168,0.979591837,57,0.54,0.026666667,499,Cardio,0,0,1,0,26.4,3.1,2,1,28.97
47,0,61.9,0.243604004,1.54,190,131,0.224489796,61,1.95,0.966666667,1150,Yoga,1,0,0,0,16.4,2.7,4,3,26.1
28,0,52,0.133481646,1.61,168,164,0.897959184,70,1.32,0.546666667,1082,Yoga,1,0,0,0,27.9,2,3,2,20.06
45,1,113.4,0.816462736,1.71,190,129,0.183673469,63,0.83,0.22,530,Strength,0,0,0,1,24,2.3,2,1,38.78
42,1,62.9,0.254727475,1.98,173,126,0.12244898,61,1.42,0.613333333,886,Yoga,1,0,0,0,28.5,3.4,4,2,16.04
56,0,40.4,0.004449388,1.8,196,165,0.918367347,72,1.23,0.486666667,913,Cardio,0,0,1,0,30,2.1,4,2,12.47
50,0,67.1,0.301446051,1.75,161,120,0,59,0.67,0.113333333,362,Cardio,0,0,1,0,31.8,2.7,3,1,21.91
18,1,70,0.333704116,1.61,173,168,0.979591837,71,1.3,0.533333333,1201,Strength,0,0,0,1,23.9,2.5,2,1,27.01
44,0,69.5,0.32814238,1.75,192,155,0.714285714,69,1.02,0.346666667,711,HIIT,0,1,0,0,27.6,2.1,3,1,22.69
30,1,107.9,0.755283648,1.66,194,140,0.408163265,64,1.08,0.386666667,832,Cardio,0,0,1,0,29.5,2.8,3,2,39.16
58,1,109,0.767519466,1.91,198,156,0.734693878,56,1.49,0.66,1151,Yoga,1,0,0,0,26,2.2,3,2,29.88
20,1,101,0.678531702,1.91,179,143,0.469387755,58,1.36,0.573333333,1070,Cardio,0,0,1,0,29.3,2.7,3,2,27.69
56,1,88.5,0.53948832,1.85,161,144,0.489795918,59,1.57,0.713333333,1119,Cardio,0,0,1,0,11,3.5,4,3,25.86
23,1,80.9,0.454949944,1.8,178,126,0.12244898,59,1.55,0.7,1074,Cardio,0,0,1,0,10.7,3.5,4,3,24.97
25,0,43.1,0.034482759,1.62,196,161,0.836734694,65,1.04,0.36,837,HIIT,0,1,0,0,33.6,1.8,4,2,16.42
44,0,59.1,0.212458287,1.52,177,136,0.326530612,56,1.58,0.72,967,Yoga,1,0,0,0,18.4,2.7,5,3,25.58
26,0,54,0.155728587,1.53,175,148,0.571428571,54,1.14,0.426666667,844,Strength,0,0,0,1,26.9,1.7,3,1,23.07
54,0,72.3,0.359288098,1.78,163,149,0.591836735,72,1.27,0.513333333,852,Cardio,0,0,1,0,27.7,1.8,2,1,22.82
50,1,51.1,0.123470523,1.98,171,126,0.12244898,52,0.92,0.28,574,Yoga,1,0,0,0,28,2.4,2,1,13.03
59,1,89.4,0.549499444,1.72,188,152,0.653061224,67,1.08,0.386666667,813,Yoga,1,0,0,0,24.5,3.2,3,1,30.22
41,1,51.5,0.127919911,1.8,166,126,0.12244898,60,1.09,0.393333333,680,Strength,0,0,0,1,26.7,2.1,4,2,15.9
32,1,87.9,0.532814238,1.88,173,143,0.469387755,64,1.52,0.68,1195,Cardio,0,0,1,0,11.6,3.5,5,3,24.87
49,0,42,0.022246941,1.52,171,130,0.204081633,70,1.1,0.4,644,HIIT,0,1,0,0,28.8,2.2,3,1,18.18
49,1,79.2,0.436040044,1.72,194,128,0.163265306,69,1.46,0.64,925,Yoga,1,0,0,0,29.9,3.3,3,1,26.77
41,1,64.8,0.275862069,1.71,164,131,0.224489796,54,1.2,0.466666667,778,Strength,0,0,0,1,22.5,2.8,3,2,22.16
58,0,63,0.255839822,1.78,176,154,0.693877551,73,1.58,0.72,1095,HIIT,0,1,0,0,17.5,2.7,4,3,19.88
29,0,56.2,0.180200222,1.77,191,123,0.06122449,61,0.68,0.12,418,Yoga,1,0,0,0,33.4,2.6,3,1,17.94
56,0,52.9,0.14349277,1.64,169,155,0.714285714,53,1.1,0.4,767,Cardio,0,0,1,0,27.4,2.3,3,2,19.67
19,0,49,0.100111235,1.69,176,147,0.551020408,64,1.05,0.366666667,772,Yoga,1,0,0,0,29.2,2.4,3,1,17.16
20,1,128.2,0.9810901,1.84,164,132,0.244897959,58,0.83,0.22,603,HIIT,0,1,0,0,26.2,2.3,3,1,37.87
54,1,83.6,0.484983315,1.86,168,142,0.448979592,56,1.54,0.693333333,1082,HIIT,0,1,0,0,12.4,3.5,5,3,24.16
34,0,56.2,0.180200222,1.77,192,138,0.367346939,59,1.81,0.873333333,1249,Cardio,0,0,1,0,17.3,2.7,5,3,17.94
19,1,87.8,0.531701891,1.78,195,161,0.836734694,72,1.28,0.52,1133,Cardio,0,0,1,0,23.6,3.3,2,1,27.71
19,1,85.9,0.510567297,1.85,195,156,0.734693878,62,1.66,0.773333333,1424,Strength,0,0,0,1,12.9,3.5,4,3,25.1
45,1,51.1,0.123470523,1.87,177,158,0.775510204,57,1.44,0.626666667,1126,Cardio,0,0,1,0,26.2,3.4,4,2,14.61
40,0,57.4,0.193548387,1.71,168,143,0.469387755,61,1.87,0.913333333,1337,Strength,0,0,0,1,18.3,2.7,5,3,19.63
54,1,114.9,0.833147942,1.92,188,135,0.306122449,71,1.2,0.466666667,802,HIIT,0,1,0,0,20.7,2.6,4,2,31.17
49,0,62.1,0.245828699,1.66,173,152,0.653061224,73,1.37,0.58,937,HIIT,0,1,0,0,31.3,1.8,3,2,22.54
50,1,57.1,0.190211346,1.91,184,131,0.224489796,68,1.09,0.393333333,707,Yoga,1,0,0,0,29.5,2.7,4,2,15.65
18,1,68.1,0.312569522,1.8,174,153,0.673469388,50,1.1,0.4,926,Yoga,1,0,0,0,25.4,3.3,4,2,21.02
36,1,69.2,0.324805339,1.65,165,126,0.12244898,65,1.23,0.486666667,852,Strength,0,0,0,1,27.2,2.7,3,1,25.42
19,0,65.2,0.280311457,1.52,188,130,0.204081633,71,1.23,0.486666667,800,Cardio,0,0,1,0,30.6,2.4,3,1,28.22
43,1,108.6,0.763070078,1.73,174,150,0.612244898,66,1.33,0.553333333,988,Cardio,0,0,1,0,28.5,2.2,2,1,36.29
49,0,40,0,1.65,188,148,0.571428571,74,1.03,0.353333333,686,Yoga,1,0,0,0,34.3,2.5,3,2,14.69
23,0,41.9,0.021134594,1.58,163,132,0.244897959,67,0.56,0.04,370,HIIT,0,1,0,0,26.8,1.8,3,1,16.78
49,0,68.3,0.314794216,1.52,177,150,0.612244898,60,1.45,0.633333333,979,Strength,0,0,0,1,29.4,1.8,4,2,29.56
21,1,88.4,0.538375973,1.6,198,121,0.020408163,67,1.71,0.806666667,1138,HIIT,0,1,0,0,12,3.5,4,3,34.53
28,1,66,0.289210234,1.9,175,158,0.775510204,56,1.18,0.453333333,1025,HIIT,0,1,0,0,24.1,3,3,1,18.28
34,1,71.9,0.35483871,1.64,170,134,0.285714286,67,1.26,0.506666667,929,Cardio,0,0,1,0,21.3,2.1,4,2,26.73
55,1,75.6,0.395995551,1.71,173,130,0.204081633,57,1.03,0.353333333,663,Strength,0,0,0,1,28.1,2,4,2,25.85
41,0,63.4,0.26028921,1.59,162,153,0.673469388,55,1.84,0.893333333,1267,HIIT,0,1,0,0,15.2,2.7,5,3,25.08
22,0,71.6,0.351501669,1.77,197,158,0.775510204,56,1.49,0.66,1177,Yoga,1,0,0,0,30.3,1.8,3,1,22.85
51,0,57.4,0.193548387,1.77,177,123,0.06122449,72,1.08,0.386666667,598,Yoga,1,0,0,0,31.6,2.1,4,2,18.32
23,1,83.8,0.487208009,1.99,179,130,0.204081633,71,1.79,0.86,1280,Cardio,0,0,1,0,11,3.5,4,3,21.16
39,0,55.9,0.176863181,1.71,184,148,0.571428571,59,1.95,0.966666667,1443,Yoga,1,0,0,0,19.5,2.7,5,3,19.12
28,1,87,0.522803115,1.76,197,121,0.020408163,60,1.2,0.466666667,799,Yoga,1,0,0,0,28.4,3.5,3,2,28.09
33,0,65.3,0.281423804,1.71,172,135,0.306122449,74,1.18,0.453333333,796,HIIT,0,1,0,0,29.7,2.5,4,2,22.33
50,1,45.4,0.060066741,1.67,163,158,0.775510204,62,1.37,0.58,1071,Yoga,1,0,0,0,24.1,2.8,4,2,16.28
26,1,87.1,0.523915462,1.87,173,132,0.244897959,58,1.71,0.806666667,1241,Yoga,1,0,0,0,11.2,3.5,4,3,24.91
23,0,78.6,0.429365962,1.73,192,156,0.734693878,56,1.47,0.646666667,1147,HIIT,0,1,0,0,32.3,1.5,4,2,26.26
33,0,78,0.42269188,1.71,187,136,0.326530612,58,1.08,0.386666667,734,Cardio,0,0,1,0,26.3,2.1,3,1,26.67
46,0,58,0.200222469,1.53,196,140,0.408163265,62,1.83,0.886666667,1153,Cardio,0,0,1,0,18.4,2.7,4,3,24.78
20,0,71.3,0.348164627,1.69,167,163,0.87755102,52,1.28,0.52,1043,Strength,0,0,0,1,33.4,2.3,3,2,24.96
37,1,49.1,0.101223582,1.74,193,138,0.367346939,52,1.11,0.406666667,842,Yoga,1,0,0,0,22.3,2.6,3,2,16.22
53,0,78.3,0.426028921,1.65,164,126,0.12244898,50,1.24,0.493333333,703,HIIT,0,1,0,0,33.7,1.6,3,1,28.76
36,0,57.3,0.19243604,1.64,164,157,0.755102041,70,1.13,0.42,887,Strength,0,0,0,1,25.3,1.8,4,2,21.3
43,0,48.4,0.093437152,1.61,190,127,0.142857143,69,1.28,0.52,732,Cardio,0,0,1,0,34.1,2.4,2,1,18.67
20,1,76.4,0.404894327,1.62,168,132,0.244897959,51,1.35,0.566666667,980,Cardio,0,0,1,0,21.2,2.6,4,2,29.11
36,1,110.2,0.780867631,1.77,191,156,0.734693878,74,1.19,0.46,1021,HIIT,0,1,0,0,26.5,3.4,2,1,35.18
37,0,72.9,0.36596218,1.76,192,121,0.020408163,52,1.21,0.473333333,732,Strength,0,0,0,1,27.5,1.9,3,2,23.53
49,1,82.1,0.468298109,1.86,162,160,0.816326531,64,1.87,0.913333333,1481,Strength,0,0,0,1,14.2,3.5,4,3,23.73
24,0,58.9,0.210233593,1.76,189,130,0.204081633,73,0.63,0.086666667,410,HIIT,0,1,0,0,30.1,1.7,3,1,19.01
58,1,82.2,0.469410456,1.87,171,143,0.469387755,55,1.57,0.713333333,1111,HIIT,0,1,0,0,10.7,3.5,4,3,23.51
50,1,96.7,0.630700779,1.72,188,125,0.102040816,62,1.46,0.64,903,Strength,0,0,0,1,25.7,2.7,3,2,32.69
57,1,81.4,0.46051168,1.86,162,145,0.510204082,70,1.8,0.866666667,1292,Cardio,0,0,1,0,12,3.5,5,3,23.53
56,1,107.8,0.754171301,1.73,185,126,0.12244898,50,1.09,0.393333333,680,Yoga,1,0,0,0,26.6,2.8,3,2,36.02
35,0,65.8,0.286985539,1.62,189,158,0.775510204,69,1,0.333333333,790,Cardio,0,0,1,0,33.8,1.5,4,2,25.07
57,0,68.5,0.31701891,1.56,168,138,0.367346939,68,1.45,0.633333333,900,HIIT,0,1,0,0,29.1,1.6,4,2,28.15
18,0,63.9,0.265850945,1.59,185,125,0.102040816,50,1.87,0.913333333,1169,Strength,0,0,0,1,16.4,2.7,4,3,25.28
28,1,76.3,0.40378198,1.62,161,162,0.857142857,70,1.16,0.44,1034,Strength,0,0,0,1,20.1,2.3,3,2,29.07
45,0,44.5,0.050055617,1.65,162,148,0.571428571,71,1.44,0.626666667,959,Yoga,1,0,0,0,30.7,1.6,3,1,16.35
42,0,50.7,0.119021135,1.75,163,162,0.857142857,51,1.29,0.526666667,940,Strength,0,0,0,1,29,1.9,3,2,16.56
40,0,55.1,0.167964405,1.61,184,158,0.775510204,64,1.55,0.7,1224,Yoga,1,0,0,0,16.9,2.7,4,3,21.26
48,1,73.7,0.374860957,1.61,172,121,0.020408163,63,1.36,0.573333333,815,Cardio,0,0,1,0,21.8,3.6,4,2,28.43
47,1,55.6,0.17352614,1.77,198,138,0.367346939,68,1.2,0.466666667,820,Cardio,0,0,1,0,24.3,2.9,4,2,17.75
59,1,86.9,0.521690768,1.76,194,123,0.06122449,60,1.13,0.42,688,Strength,0,0,0,1,29.8,3.1,3,2,28.05
52,0,60.3,0.225806452,1.68,182,125,0.102040816,64,1.6,0.733333333,900,Strength,0,0,0,1,16.5,2.7,4,3,21.36
24,0,40.4,0.004449388,1.64,168,168,0.979591837,55,0.99,0.326666667,832,HIIT,0,1,0,0,31,1.9,2,1,15.02
33,0,78.5,0.428253615,1.66,161,156,0.734693878,69,1.29,0.526666667,1006,HIIT,0,1,0,0,32.8,1.9,4,2,28.49
43,1,102.6,0.696329255,1.72,190,147,0.551020408,58,0.82,0.213333333,597,Strength,0,0,0,1,27.5,2,2,1,34.68
19,1,110.8,0.787541713,1.91,161,149,0.591836735,54,1.31,0.54,1074,Strength,0,0,0,1,23.3,2.9,2,1,30.37
18,0,60.9,0.232480534,1.79,191,126,0.12244898,69,1.11,0.406666667,699,Cardio,0,0,1,0,31.1,2.1,2,1,19.01
29,1,55.7,0.174638487,1.61,177,128,0.163265306,51,1.41,0.606666667,993,Strength,0,0,0,1,28.7,2.3,3,1,21.49
22,1,110.5,0.784204672,1.92,172,144,0.489795918,55,1.16,0.44,919,HIIT,0,1,0,0,20.2,3.3,3,2,29.98
54,1,55.2,0.169076752,1.71,164,152,0.653061224,67,0.77,0.18,579,Cardio,0,0,1,0,24.4,2.8,2,1,18.88
49,1,46.5,0.072302558,1.72,169,120,0,72,1.4,0.6,832,Yoga,1,0,0,0,22.2,2.6,4,2,15.72
26,0,70.9,0.343715239,1.66,184,125,0.102040816,68,0.81,0.206666667,506,HIIT,0,1,0,0,28.9,1.7,3,1,25.73
58,1,74.6,0.38487208,1.75,193,137,0.346938776,58,1.09,0.393333333,739,HIIT,0,1,0,0,24.2,2.9,2,1,24.36
52,1,45.1,0.0567297,1.72,196,129,0.183673469,70,0.93,0.286666667,594,Cardio,0,0,1,0,27.5,3.3,2,1,15.24
36,1,99.9,0.666295884,1.99,189,147,0.551020408,73,1.33,0.553333333,1075,Yoga,1,0,0,0,20.9,2.5,3,1,25.23
33,1,117,0.85650723,1.61,166,130,0.204081633,55,1.04,0.36,744,HIIT,0,1,0,0,25.1,2.4,3,2,45.14
20,0,75.9,0.399332592,1.73,165,152,0.653061224,63,1.39,0.593333333,1056,Strength,0,0,0,1,30.6,2.1,4,2,25.36
37,0,71.2,0.34705228,1.64,162,120,0,73,1.11,0.406666667,666,HIIT,0,1,0,0,29.9,1.7,3,2,26.47
41,1,78.8,0.431590656,1.72,172,132,0.244897959,62,1.01,0.34,660,Cardio,0,0,1,0,27.3,3.1,4,2,26.64
50,1,50.6,0.117908788,1.69,162,156,0.734693878,60,1.31,0.54,1012,Cardio,0,0,1,0,23.8,3,2,1,17.72
41,1,82.5,0.472747497,1.79,185,139,0.387755102,61,1.69,0.793333333,1163,Cardio,0,0,1,0,14.7,3.5,4,3,25.75
28,1,108.5,0.761957731,1.79,183,120,0,68,1.33,0.553333333,878,HIIT,0,1,0,0,24.8,2.1,4,2,33.86
25,1,49.9,0.110122358,1.98,165,122,0.040816327,68,1.15,0.433333333,772,Yoga,1,0,0,0,25.7,2.1,3,2,12.73
53,1,125.1,0.946607341,1.91,171,137,0.346938776,70,0.52,0.013333333,353,Strength,0,0,0,1,28.3,3.1,2,1,34.29
55,0,79.7,0.44160178,1.66,195,160,0.816326531,68,1.06,0.373333333,763,Cardio,0,0,1,0,27.8,1.9,2,1,28.92
57,1,126.8,0.965517241,1.63,161,133,0.265306122,73,0.96,0.306666667,632,Yoga,1,0,0,0,20.8,2.1,2,1,47.72
37,0,54.6,0.16240267,1.57,170,150,0.612244898,62,1.31,0.54,982,Strength,0,0,0,1,32.1,2.4,3,1,22.15
52,0,47.8,0.08676307,1.54,198,146,0.530612245,63,1.34,0.56,880,Cardio,0,0,1,0,29.8,1.9,3,2,20.16
42,1,97.9,0.644048943,1.91,193,136,0.326530612,73,1.01,0.34,680,Strength,0,0,0,1,29,2.8,3,2,26.84
52,0,63.1,0.256952169,1.54,185,165,0.918367347,67,1.36,0.573333333,1010,Strength,0,0,0,1,34.8,1.8,3,2,26.61
42,0,72.4,0.360400445,1.69,177,148,0.571428571,61,1.07,0.38,713,Yoga,1,0,0,0,29,2.3,3,2,25.35
46,0,58.9,0.210233593,1.7,180,155,0.714285714,53,1.52,0.68,1060,Strength,0,0,0,1,17.1,2.7,4,3,20.38
35,0,50.4,0.115684093,1.6,195,156,0.734693878,59,1.03,0.353333333,803,Cardio,0,0,1,0,29.1,1.9,4,2,19.69
35,0,64.2,0.269187987,1.59,199,145,0.510204082,66,1.63,0.753333333,1182,Yoga,1,0,0,0,16.6,2.7,5,3,25.39
19,0,58.8,0.209121246,1.77,181,136,0.326530612,53,1.4,0.6,952,HIIT,0,1,0,0,32.8,2.7,2,1,18.77
52,1,105.2,0.725250278,1.62,189,141,0.428571429,61,1.36,0.573333333,949,HIIT,0,1,0,0,27.6,3.2,3,1,40.09
33,0,45.9,0.065628476,1.5,189,144,0.489795918,62,0.92,0.28,662,Yoga,1,0,0,0,29.8,1.7,3,1,20.4
58,0,65.2,0.280311457,1.63,167,121,0.020408163,53,1.12,0.413333333,610,HIIT,0,1,0,0,25.4,2,3,2,24.54
53,0,56.3,0.18131257,1.79,193,141,0.428571429,59,1.52,0.68,964,Strength,0,0,0,1,16.5,2.7,5,3,17.57
50,1,90,0.556173526,1.7,168,124,0.081632653,74,0.81,0.206666667,497,Cardio,0,0,1,0,22.9,2.7,2,1,31.14
21,0,60,0.22246941,1.7,179,123,0.06122449,52,1.97,0.98,1212,Strength,0,0,0,1,19.1,2.7,5,3,20.76
50,1,51.5,0.127919911,1.71,199,155,0.714285714,64,1.48,0.653333333,1136,Yoga,1,0,0,0,20.9,2.9,2,1,17.61
31,0,63.1,0.256952169,1.64,184,125,0.102040816,51,1.54,0.693333333,962,Cardio,0,0,1,0,19,2.7,4,3,23.46
38,1,91.5,0.572858732,1.77,178,140,0.408163265,74,0.8,0.2,616,Yoga,1,0,0,0,26.7,3.4,2,1,29.21
37,1,48.7,0.096774194,1.67,164,132,0.244897959,74,1.39,0.593333333,1009,Yoga,1,0,0,0,27.3,3,2,1,17.46
25,0,57.8,0.197997775,1.56,170,156,0.734693878,66,1.35,0.566666667,1053,Yoga,1,0,0,0,29.3,1.6,3,2,23.75
24,0,42,0.022246941,1.75,174,144,0.489795918,55,0.83,0.22,598,Strength,0,0,0,1,31.8,2.3,3,1,13.71
20,1,128.4,0.983314794,1.92,167,145,0.510204082,57,0.63,0.086666667,502,Cardio,0,0,1,0,26.1,2,2,1,34.83
34,0,74.2,0.380422692,1.57,178,158,0.775510204,52,1.47,0.646666667,1161,Cardio,0,0,1,0,32.7,2.4,3,1,30.1
50,1,89.6,0.551724138,1.68,182,139,0.387755102,74,1.79,0.86,1232,Cardio,0,0,1,0,12.2,3.5,5,3,31.75
29,1,125.9,0.955506118,2,186,152,0.653061224,67,1.36,0.573333333,1137,Strength,0,0,0,1,24.7,3.1,4,2,31.48
39,1,105.5,0.728587319,1.99,199,133,0.265306122,71,0.81,0.206666667,593,HIIT,0,1,0,0,26.4,2.5,2,1,26.64
39,1,93.4,0.593993326,1.7,191,155,0.714285714,50,1.1,0.4,938,Strength,0,0,0,1,21.1,2.5,4,2,32.32
47,1,82.1,0.468298109,1.84,185,136,0.326530612,65,1.37,0.58,922,Strength,0,0,0,1,24.4,3.4,4,2,24.25
55,0,42.9,0.032258065,1.69,186,140,0.408163265,56,0.9,0.266666667,567,Yoga,1,0,0,0,34.7,2.4,2,1,15.02
55,1,128.4,0.983314794,1.68,178,165,0.918367347,52,1.13,0.42,923,Cardio,0,0,1,0,20.4,2.6,4,2,45.49
25,1,112.4,0.805339266,1.96,188,135,0.306122449,72,1.42,0.613333333,1054,Cardio,0,0,1,0,23.2,2.5,2,1,29.26
44,0,77.7,0.419354839,1.79,198,165,0.918367347,53,1.41,0.606666667,1047,HIIT,0,1,0,0,28.1,2.2,3,1,24.25
44,1,89.3,0.548387097,1.99,192,135,0.306122449,58,1.4,0.6,936,HIIT,0,1,0,0,26.3,2,4,2,22.55
51,0,70.3,0.337041157,1.55,178,139,0.387755102,54,1.4,0.6,876,Yoga,1,0,0,0,26.1,1.6,3,1,29.26
38,0,59.1,0.212458287,1.72,196,148,0.571428571,68,1.07,0.38,792,Cardio,0,0,1,0,31.3,1.7,3,2,19.98
47,0,49.9,0.110122358,1.69,178,147,0.551020408,64,1.48,0.653333333,979,HIIT,0,1,0,0,26,1.7,3,2,17.47
50,1,101.7,0.686318131,1.67,192,127,0.142857143,57,0.53,0.02,333,HIIT,0,1,0,0,20.9,2.9,2,1,36.47
45,1,93,0.589543938,1.91,175,143,0.469387755,55,1.03,0.353333333,729,Cardio,0,0,1,0,27.3,3.7,3,2,25.49
50,1,87.4,0.527252503,1.6,182,122,0.040816327,67,0.77,0.18,465,Strength,0,0,0,1,23.2,3.1,2,1,34.14
22,0,55.1,0.167964405,1.61,166,144,0.489795918,68,1.62,0.746666667,1166,HIIT,0,1,0,0,19.9,2.7,4,3,21.26
36,1,123.7,0.931034483,1.69,185,138,0.367346939,73,1.3,0.533333333,987,Cardio,0,0,1,0,20.4,2.1,4,2,43.31
21,0,61.3,0.236929922,1.57,191,152,0.653061224,64,1.94,0.96,1474,HIIT,0,1,0,0,17.2,2.7,4,3,24.87
52,1,72.3,0.359288098,1.94,171,121,0.020408163,56,1.46,0.64,874,Yoga,1,0,0,0,21.1,2.9,3,2,19.21
34,0,69.2,0.324805339,1.53,167,134,0.285714286,59,1.36,0.573333333,911,HIIT,0,1,0,0,28.5,2.1,2,1,29.56
45,1,81.4,0.46051168,1.61,164,141,0.428571429,55,1.14,0.426666667,796,Cardio,0,0,1,0,30,2.2,4,2,31.4
47,1,84.8,0.498331479,1.86,187,129,0.183673469,63,1.85,0.9,1181,HIIT,0,1,0,0,14.4,3.5,5,3,24.51
46,1,55.1,0.167964405,1.72,164,137,0.346938776,66,1.43,0.62,970,Yoga,1,0,0,0,20.5,3.6,3,2,18.62
23,0,59,0.21134594,1.78,185,141,0.428571429,58,1.67,0.78,1177,Yoga,1,0,0,0,17.8,2.7,5,3,18.62
52,0,64.9,0.276974416,1.51,164,165,0.918367347,68,1.83,0.886666667,1359,HIIT,0,1,0,0,18.2,2.7,4,3,28.46
58,1,109.7,0.775305895,1.75,181,168,0.979591837,54,1.01,0.34,840,HIIT,0,1,0,0,22.1,2.7,2,1,35.82
54,1,78.4,0.427141268,1.9,174,146,0.530612245,72,0.81,0.206666667,585,Yoga,1,0,0,0,21.5,3.7,2,1,21.72
41,0,76.7,0.408231368,1.79,172,132,0.244897959,56,1.4,0.6,832,Yoga,1,0,0,0,34,2,4,2,23.94
46,0,63.1,0.256952169,1.61,187,152,0.653061224,68,1,0.333333333,684,Strength,0,0,0,1,34.7,2.2,4,2,24.34
48,0,62.9,0.254727475,1.58,192,124,0.081632653,69,1.98,0.986666667,1105,Strength,0,0,0,1,20,2.7,4,3,25.2
52,1,85.6,0.507230256,1.74,182,145,0.510204082,56,1.84,0.893333333,1321,Yoga,1,0,0,0,13.9,3.5,4,3,28.27
50,0,66.3,0.292547275,1.57,192,132,0.244897959,73,1.25,0.5,742,HIIT,0,1,0,0,31.6,1.6,2,1,26.9
38,1,61.3,0.236929922,1.97,177,146,0.530612245,51,1.37,0.58,1100,Cardio,0,0,1,0,23.5,2.8,3,1,15.8
49,0,44.1,0.045606229,1.65,189,133,0.265306122,74,1.16,0.44,694,HIIT,0,1,0,0,26.7,1.8,4,2,16.2
40,1,63.8,0.264738598,1.62,185,143,0.469387755,72,1.3,0.533333333,1022,HIIT,0,1,0,0,20.8,3.4,2,1,24.31
50,0,55.4,0.171301446,1.55,175,122,0.040816327,65,1.85,0.9,1016,Strength,0,0,0,1,18.5,2.7,4,3,23.06
20,0,74.7,0.385984427,1.58,172,166,0.93877551,62,1.04,0.36,863,Strength,0,0,0,1,32.8,2.4,3,2,29.92
35,0,78,0.42269188,1.67,198,168,0.979591837,57,1.13,0.42,949,Strength,0,0,0,1,33.3,2.5,4,2,27.97
42,0,57.5,0.194660734,1.67,192,149,0.591836735,55,1.14,0.426666667,764,Yoga,1,0,0,0,34.1,2.4,2,1,20.62
59,0,60.7,0.23025584,1.73,185,154,0.693877551,55,1.03,0.353333333,714,Yoga,1,0,0,0,33.8,2.5,3,2,20.28
48,1,69,0.322580645,1.74,160,167,0.959183673,58,1.48,0.653333333,1223,HIIT,0,1,0,0,30,2.3,3,2,22.79
20,0,75.8,0.398220245,1.78,197,133,0.265306122,53,1.42,0.613333333,944,HIIT,0,1,0,0,27.4,2,4,2,23.92
57,0,75.7,0.397107898,1.63,161,131,0.224489796,60,0.69,0.126666667,407,Cardio,0,0,1,0,32.6,2.3,3,1,28.49
41,0,71.2,0.34705228,1.64,165,147,0.551020408,54,1.42,0.613333333,939,HIIT,0,1,0,0,30.9,2.3,3,2,26.47
49,1,85,0.500556174,1.68,197,163,0.87755102,74,1.82,0.88,1468,HIIT,0,1,0,0,11.3,3.5,4,3,30.12
39,0,63.6,0.262513904,1.56,183,148,0.571428571,66,1.22,0.48,903,Strength,0,0,0,1,34.8,2.4,2,1,26.13
40,1,73.2,0.369299221,1.94,177,162,0.857142857,69,0.81,0.206666667,722,Strength,0,0,0,1,29,2.4,2,1,19.45
19,0,48.3,0.092324805,1.52,186,136,0.326530612,56,0.96,0.306666667,653,Strength,0,0,0,1,26.3,1.6,2,1,20.91
44,0,42.8,0.031145717,1.78,167,159,0.795918367,64,1.49,0.66,1066,Strength,0,0,0,1,25.3,2.6,3,2,13.51
59,1,88.1,0.535038932,1.76,187,168,0.979591837,74,1.35,0.566666667,1123,Strength,0,0,0,1,26.9,3,3,2,28.44
19,0,72.4,0.360400445,1.75,169,140,0.408163265,64,1.2,0.466666667,840,Cardio,0,0,1,0,31,1.7,4,2,23.64
43,1,73.2,0.369299221,1.88,176,142,0.448979592,63,1.17,0.446666667,822,Cardio,0,0,1,0,29.4,3.3,3,1,20.71
34,1,110.5,0.784204672,1.86,188,139,0.387755102,62,1.42,0.613333333,1086,Cardio,0,0,1,0,22.3,3.6,2,1,31.94
57,0,46.1,0.06785317,1.76,165,130,0.204081633,60,1.44,0.626666667,842,Strength,0,0,0,1,25.8,1.7,3,2,14.88
50,1,90.8,0.565072303,1.71,173,153,0.673469388,62,1.07,0.38,810,Yoga,1,0,0,0,22.6,3.4,4,2,31.05
26,0,59.3,0.214682981,1.51,181,129,0.183673469,71,1.7,0.8,1096,Strength,0,0,0,1,15.1,2.7,5,3,26.01
56,0,45.1,0.0567297,1.73,165,129,0.183673469,73,0.83,0.22,482,Strength,0,0,0,1,25.4,2.6,3,1,15.07
46,1,45,0.055617353,1.77,185,162,0.857142857,58,1.48,0.653333333,1187,Cardio,0,0,1,0,29.1,3.6,3,2,14.36
59,1,89.4,0.549499444,1.62,198,125,0.102040816,59,1.43,0.62,885,Strength,0,0,0,1,23.5,3.6,3,2,34.06
43,1,127.7,0.975528365,1.69,171,155,0.714285714,53,1.14,0.426666667,875,Cardio,0,0,1,0,24.1,2.9,3,2,44.71
52,1,70.9,0.343715239,1.72,194,143,0.469387755,66,1.31,0.54,927,Strength,0,0,0,1,20.2,2.6,3,2,23.97
42,0,49.2,0.102335929,1.5,173,131,0.224489796,63,1.15,0.433333333,678,HIIT,0,1,0,0,27.7,1.5,3,2,21.87
41,0,62.3,0.248053393,1.79,181,162,0.857142857,73,1.99,0.993333333,1451,Yoga,1,0,0,0,19,2.7,5,3,19.44
30,1,64.1,0.26807564,1.87,182,142,0.448979592,67,0.64,0.093333333,500,Yoga,1,0,0,0,26.2,2.1,2,1,18.33
24,0,69.7,0.330367075,1.75,166,146,0.530612245,60,1.41,0.606666667,1029,Cardio,0,0,1,0,32.5,2,3,1,22.76
53,0,56.9,0.187986652,1.59,199,164,0.897959184,65,1.49,0.66,1100,HIIT,0,1,0,0,29.5,2,3,2,22.51
37,0,53,0.144605117,1.71,184,156,0.734693878,50,1.13,0.42,881,Yoga,1,0,0,0,28.1,1.7,4,2,18.13
18,0,72.7,0.363737486,1.55,172,125,0.102040816,56,0.84,0.226666667,525,Cardio,0,0,1,0,29.8,2,3,1,30.26
25,1,76.5,0.406006674,1.96,180,120,0,59,0.67,0.113333333,442,Strength,0,0,0,1,23.2,2.3,3,1,19.91
33,1,113.6,0.81868743,1.99,169,125,0.102040816,58,1.38,0.586666667,949,Strength,0,0,0,1,28.4,3.4,2,1,28.69
31,0,62.5,0.250278087,1.62,168,169,1,74,1.56,0.706666667,1318,HIIT,0,1,0,0,16.5,2.7,4,3,23.81
29,1,95.2,0.614015573,1.86,174,141,0.428571429,52,0.64,0.093333333,496,Yoga,1,0,0,0,26.6,2.5,2,1,27.52
40,1,51.7,0.130144605,1.82,161,160,0.816326531,71,0.9,0.266666667,792,Strength,0,0,0,1,21.4,3,3,1,15.61
32,1,105.3,0.726362625,1.67,184,143,0.469387755,72,0.57,0.046666667,448,Cardio,0,0,1,0,26.9,2.9,3,1,37.76
45,0,71.2,0.34705228,1.68,172,144,0.489795918,63,1.37,0.58,888,Strength,0,0,0,1,34.1,1.6,3,1,25.23
51,0,78.1,0.423804227,1.51,193,134,0.285714286,74,0.92,0.28,555,Strength,0,0,0,1,31.1,2.6,3,1,34.25
19,0,50.6,0.117908788,1.68,193,145,0.510204082,64,1.21,0.473333333,877,Yoga,1,0,0,0,30.6,2.1,3,2,17.93
49,1,70.2,0.33592881,1.89,194,127,0.142857143,51,0.7,0.133333333,440,Yoga,1,0,0,0,29.6,2.6,3,1,19.65
40,0,62.6,0.251390434,1.53,197,143,0.469387755,73,1.93,0.953333333,1380,Cardio,0,0,1,0,18.1,2.7,5,3,26.74
39,0,60.6,0.229143493,1.65,162,167,0.959183673,63,0.92,0.28,768,HIIT,0,1,0,0,27.6,1.7,3,1,22.26
42,1,76.4,0.404894327,1.97,165,157,0.755102041,65,1.14,0.426666667,886,HIIT,0,1,0,0,22.9,2.6,3,2,19.69
39,0,63.3,0.259176863,1.71,178,125,0.102040816,56,1.88,0.92,1175,Strength,0,0,0,1,18.5,2.7,4,3,21.65
39,0,68.6,0.318131257,1.64,162,154,0.693877551,53,1.33,0.553333333,1024,Cardio,0,0,1,0,32.4,1.5,3,2,25.51
59,1,123.3,0.926585095,1.88,177,161,0.836734694,67,1.3,0.533333333,1036,HIIT,0,1,0,0,23,2.6,4,2,34.89
23,1,107,0.745272525,1.94,198,120,0,73,1.35,0.566666667,891,HIIT,0,1,0,0,23.5,2.9,2,1,28.43
32,1,68.3,0.314794216,1.92,168,165,0.918367347,54,1.42,0.613333333,1289,Strength,0,0,0,1,29.9,3.5,2,1,18.53
54,0,47.8,0.08676307,1.6,171,155,0.714285714,55,1.19,0.46,830,Cardio,0,0,1,0,26,2.3,4,2,18.67
50,0,58.4,0.204671858,1.79,164,131,0.224489796,56,1.6,0.733333333,943,HIIT,0,1,0,0,17,2.7,4,3,18.23
25,0,74.3,0.381535039,1.71,162,157,0.755102041,64,1.43,0.62,1123,Yoga,1,0,0,0,25.6,1.6,3,2,25.41
22,1,106.8,0.743047831,1.82,170,130,0.204081633,50,1,0.333333333,715,Yoga,1,0,0,0,28.2,2.3,4,2,32.24
56,1,125.5,0.95105673,1.8,189,131,0.224489796,73,1.26,0.506666667,817,Strength,0,0,0,1,20.9,2.7,4,2,38.73
21,0,55.2,0.169076752,1.55,163,161,0.836734694,53,1.37,0.58,1103,Strength,0,0,0,1,31.7,1.7,4,2,22.98
23,0,71.4,0.349276974,1.72,164,169,1,74,1.25,0.5,1056,Strength,0,0,0,1,25.6,1.5,2,1,24.13
49,1,77.7,0.419354839,1.61,160,158,0.775510204,50,1.03,0.353333333,806,Strength,0,0,0,1,26.7,3.4,3,2,29.98
47,1,88.4,0.538375973,1.6,186,126,0.12244898,60,1.86,0.906666667,1160,HIIT,0,1,0,0,14.2,3.5,5,3,34.53
52,1,104.8,0.72080089,1.99,187,130,0.204081633,67,0.93,0.286666667,598,Cardio,0,0,1,0,24,2,2,1,26.46
57,1,82.2,0.469410456,1.69,188,155,0.714285714,63,1.15,0.433333333,882,Strength,0,0,0,1,25.2,3.4,4,2,28.78
33,0,68.2,0.313681869,1.75,177,150,0.612244898,71,0.85,0.233333333,638,Strength,0,0,0,1,29,1.7,2,1,22.27
30,1,91.4,0.571746385,1.99,171,152,0.653061224,60,1.37,0.58,1145,HIIT,0,1,0,0,23,3.7,3,2,23.08
59,0,42.1,0.023359288,1.65,172,132,0.244897959,59,1.22,0.48,725,Strength,0,0,0,1,33,2.2,2,1,15.46
47,0,68.7,0.319243604,1.76,161,137,0.346938776,66,1.37,0.58,845,Strength,0,0,0,1,27.7,2.4,3,2,22.18
36,0,47.2,0.080088988,1.74,196,160,0.816326531,53,1.5,0.666666667,1200,Cardio,0,0,1,0,32.2,1.6,4,2,15.59
34,1,92,0.578420467,1.76,175,143,0.469387755,73,0.73,0.153333333,574,Yoga,1,0,0,0,22.1,3.5,3,1,29.7
36,1,56.2,0.180200222,1.95,183,128,0.163265306,64,1.09,0.393333333,767,Strength,0,0,0,1,22.5,3.4,4,2,14.78
45,1,58.4,0.204671858,1.72,194,150,0.612244898,65,1.31,0.54,973,HIIT,0,1,0,0,23.4,3.1,4,2,19.74
43,1,82.9,0.477196885,1.95,181,160,0.816326531,70,1.9,0.933333333,1505,Cardio,0,0,1,0,12.9,3.5,5,3,21.8
54,0,66.9,0.299221357,1.74,195,129,0.183673469,62,1.24,0.493333333,720,HIIT,0,1,0,0,29.5,2.1,2,1,22.1
43,1,66.3,0.292547275,1.85,170,121,0.020408163,58,1.18,0.453333333,707,Cardio,0,0,1,0,27.5,3.2,2,1,19.37
40,1,93.6,0.59621802,1.93,188,157,0.755102041,60,1.38,0.586666667,1192,Cardio,0,0,1,0,22.1,2,3,1,25.13
26,0,64.1,0.26807564,1.5,194,134,0.285714286,60,1.93,0.953333333,1293,Strength,0,0,0,1,15.1,2.7,5,3,28.49
29,1,86.7,0.519466073,1.62,174,122,0.040816327,55,1.52,0.68,1020,Strength,0,0,0,1,13.9,3.5,4,3,33.04
18,0,62,0.244716352,1.59,190,162,0.857142857,50,1.23,0.486666667,996,Strength,0,0,0,1,33.2,2.2,4,2,24.52
18,0,58.1,0.201334816,1.61,175,150,0.612244898,71,1.9,0.933333333,1425,Yoga,1,0,0,0,15.3,2.7,4,3,22.41
51,0,64.9,0.276974416,1.6,169,125,0.102040816,55,1.49,0.66,838,Yoga,1,0,0,0,31.1,2.5,4,2,25.35
49,0,69.3,0.325917686,1.62,191,122,0.040816327,62,1.14,0.426666667,626,HIIT,0,1,0,0,28.8,1.9,4,2,26.41
42,0,42.7,0.03003337,1.74,161,130,0.204081633,71,1.04,0.36,608,Strength,0,0,0,1,32.9,1.6,3,1,14.1
57,0,51.4,0.126807564,1.63,183,134,0.285714286,73,1.2,0.466666667,724,Yoga,1,0,0,0,33.7,2,4,2,19.35
18,0,67.4,0.304783092,1.6,182,164,0.897959184,71,0.6,0.066666667,492,Strength,0,0,0,1,33.5,2.4,3,1,26.33
33,0,55.6,0.17352614,1.61,161,147,0.551020408,54,1.77,0.846666667,1301,Yoga,1,0,0,0,18.9,2.7,4,3,21.45
56,1,125.3,0.948832036,1.86,197,129,0.183673469,64,1,0.333333333,639,Yoga,1,0,0,0,22.7,2.2,3,2,36.22
22,1,102.1,0.690767519,1.85,190,157,0.755102041,67,1.48,0.653333333,1278,Cardio,0,0,1,0,28.1,2.4,4,2,29.83
39,1,61.9,0.243604004,1.77,199,166,0.93877551,69,1.32,0.546666667,1205,Strength,0,0,0,1,25.3,2.3,3,1,19.76
46,1,108.8,0.765294772,1.64,185,169,1,63,1.4,0.6,1171,Strength,0,0,0,1,20.5,3.4,3,1,40.45
20,0,51.1,0.123470523,1.58,188,169,1,64,0.5,0,422,Yoga,1,0,0,0,29.6,1.6,2,1,20.47
29,1,81.7,0.463848721,1.99,162,126,0.12244898,54,1.45,0.633333333,1005,Strength,0,0,0,1,29.4,3.2,2,1,20.63
43,0,42.7,0.03003337,1.66,173,134,0.285714286,53,0.73,0.153333333,440,Yoga,1,0,0,0,33.9,1.9,2,1,15.5
33,1,81.8,0.464961068,1.99,184,137,0.346938776,51,1.59,0.726666667,1198,Strength,0,0,0,1,10.5,3.5,4,3,20.66
54,1,54.6,0.16240267,1.76,160,137,0.346938776,56,1.28,0.52,868,Cardio,0,0,1,0,27.4,3.3,4,2,17.63
39,1,107.7,0.753058954,1.88,162,160,0.816326531,59,0.72,0.146666667,634,Strength,0,0,0,1,28.1,3.6,2,1,30.47
46,0,56.9,0.187986652,1.6,185,143,0.469387755,65,0.88,0.253333333,566,Cardio,0,0,1,0,27.7,1.6,3,1,22.23
31,1,78.8,0.431590656,1.71,177,121,0.020408163,59,1.49,0.66,992,HIIT,0,1,0,0,24.7,2.5,4,2,26.95
45,0,48.2,0.091212458,1.64,168,159,0.795918367,67,1.25,0.5,894,Strength,0,0,0,1,32.1,2.5,4,2,17.92
22,0,50.7,0.119021135,1.59,197,139,0.387755102,66,1.27,0.513333333,883,Strength,0,0,0,1,29.4,1.8,3,2,20.05
47,1,86.6,0.518353726,1.99,182,153,0.673469388,70,1.98,0.986666667,1500,Strength,0,0,0,1,10.6,3.5,4,3,21.87
22,1,96.3,0.62625139,1.63,180,162,0.857142857,62,1.35,0.566666667,1203,Cardio,0,0,1,0,27.1,2.4,4,2,36.25
29,1,80.8,0.453837597,1.98,160,145,0.510204082,50,1.65,0.766666667,1316,Strength,0,0,0,1,14.6,3.5,5,3,20.61
33,0,58,0.200222469,1.53,180,126,0.12244898,50,1.84,0.893333333,1159,Strength,0,0,0,1,18.3,2.7,5,3,24.78
43,1,95.9,0.621802002,1.85,186,157,0.755102041,64,1.28,0.52,995,Yoga,1,0,0,0,27.7,3.4,2,1,28.02
43,0,61.5,0.239154616,1.58,165,149,0.591836735,50,1.86,0.906666667,1247,HIIT,0,1,0,0,16.8,2.7,5,3,24.64
38,0,40.6,0.006674082,1.79,195,161,0.836734694,55,0.62,0.08,499,Cardio,0,0,1,0,26.8,2.7,2,1,12.67
56,1,82.5,0.472747497,1.87,187,124,0.081632653,74,1.51,0.673333333,927,Yoga,1,0,0,0,13.2,3.5,5,3,23.59
53,1,105.1,0.724137931,1.84,176,130,0.204081633,62,0.69,0.126666667,444,Cardio,0,0,1,0,23.3,2.9,3,1,31.04
50,0,58.1,0.201334816,1.58,199,120,0,50,1.93,0.953333333,1042,Yoga,1,0,0,0,19.3,2.7,5,3,23.27
47,0,61,0.233592881,1.76,162,153,0.673469388,54,1.54,0.693333333,1060,HIIT,0,1,0,0,15.6,2.7,5,3,19.69
54,0,64.5,0.272525028,1.53,171,120,0,58,1.74,0.826666667,940,Yoga,1,0,0,0,17.2,2.7,4,3,27.55
40,1,58.2,0.202447164,1.98,198,138,0.367346939,74,1.43,0.62,1085,Cardio,0,0,1,0,24,2.5,3,2,14.85
27,0,69.5,0.32814238,1.76,171,121,0.020408163,66,0.94,0.293333333,569,Strength,0,0,0,1,34.4,2,3,1,22.44
22,1,62.2,0.246941046,1.84,161,140,0.408163265,65,0.51,0.006666667,393,Strength,0,0,0,1,21.5,2.3,3,1,18.37
53,0,68,0.311457175,1.7,181,139,0.387755102,57,1.06,0.373333333,663,HIIT,0,1,0,0,25.1,2.4,4,2,23.53
51,0,56.3,0.18131257,1.5,182,142,0.448979592,66,1.43,0.62,914,Cardio,0,0,1,0,27.4,2.4,3,1,25.02
48,1,94.5,0.606229143,1.7,189,140,0.408163265,64,1.01,0.34,700,Cardio,0,0,1,0,28.2,3.5,3,2,32.7
27,0,58,0.200222469,1.79,164,143,0.469387755,73,1.39,0.593333333,994,Cardio,0,0,1,0,27.1,1.5,2,1,18.1
36,1,84,0.489432703,1.94,168,123,0.06122449,50,1.8,0.866666667,1218,HIIT,0,1,0,0,11.2,3.5,5,3,22.32
49,1,61,0.233592881,1.87,180,131,0.224489796,61,1.14,0.426666667,739,Strength,0,0,0,1,21.3,3,4,2,17.44
18,0,64.8,0.275862069,1.53,170,141,0.428571429,54,1.98,0.986666667,1396,Yoga,1,0,0,0,18.6,2.7,5,3,27.68
22,1,45.7,0.063403782,1.77,164,139,0.387755102,73,1.04,0.36,795,HIIT,0,1,0,0,20.7,2.4,3,1,14.59
21,1,80.9,0.454949944,1.9,194,137,0.346938776,55,1.8,0.866666667,1356,Yoga,1,0,0,0,11.7,3.5,4,3,22.41
33,0,64.1,0.26807564,1.63,186,120,0,74,1.58,0.72,948,Strength,0,0,0,1,16.4,2.7,5,3,24.13
41,1,67,0.300333704,1.77,161,149,0.591836735,50,1.22,0.48,900,HIIT,0,1,0,0,25.6,2.6,3,2,21.39
33,1,106.5,0.73971079,1.6,183,152,0.653061224,74,1.4,0.6,1170,Strength,0,0,0,1,27.3,3.3,4,2,41.6
19,1,95.1,0.612903226,1.85,190,143,0.469387755,50,1.21,0.473333333,952,Yoga,1,0,0,0,25.3,2.3,4,2,27.79
45,0,65.5,0.283648498,1.57,192,133,0.265306122,59,0.66,0.106666667,395,Cardio,0,0,1,0,34.3,2.3,2,1,26.57
49,1,105.7,0.730812013,1.64,198,155,0.714285714,59,1.2,0.466666667,921,Cardio,0,0,1,0,29.5,3.1,3,2,39.3
44,0,48,0.088987764,1.76,189,124,0.081632653,52,0.88,0.253333333,491,Yoga,1,0,0,0,28.6,2.6,2,1,15.5
37,0,69.5,0.32814238,1.5,196,130,0.204081633,66,0.69,0.126666667,448,Cardio,0,0,1,0,32.8,2.4,2,1,30.89
41,1,66.1,0.290322581,1.69,187,143,0.469387755,68,0.77,0.18,545,Yoga,1,0,0,0,27.4,3.4,2,1,23.14
29,1,68,0.311457175,1.7,190,150,0.612244898,60,0.76,0.173333333,627,HIIT,0,1,0,0,28.9,2.9,2,1,23.53
52,1,50.3,0.114571746,1.78,170,132,0.244897959,67,0.85,0.233333333,555,HIIT,0,1,0,0,24.5,2.3,2,1,15.88
50,0,69.3,0.325917686,1.68,182,135,0.306122449,51,1.2,0.466666667,729,HIIT,0,1,0,0,30.3,2,2,1,24.55
50,1,86.7,0.519466073,1.63,161,143,0.469387755,58,1.7,0.8,1203,Cardio,0,0,1,0,12.1,3.5,4,3,32.63
54,1,125.9,0.955506118,1.94,199,132,0.244897959,73,1.35,0.566666667,882,Strength,0,0,0,1,28.5,2.9,3,2,33.45
29,1,88.1,0.535038932,1.93,186,143,0.469387755,66,1.88,0.92,1479,Cardio,0,0,1,0,11.1,3.5,5,3,23.65
20,1,124.3,0.937708565,1.82,194,145,0.510204082,63,1.25,0.5,997,Cardio,0,0,1,0,22.4,3.2,3,2,37.53
18,1,62,0.244716352,1.85,161,121,0.020408163,53,0.88,0.253333333,586,Strength,0,0,0,1,23.7,3,3,1,18.12
50,0,69.7,0.330367075,1.72,198,135,0.306122449,66,1.24,0.493333333,753,Strength,0,0,0,1,27.3,2,4,2,23.56
57,0,60.9,0.232480534,1.52,196,157,0.755102041,66,1.31,0.54,926,Strength,0,0,0,1,30.6,1.8,3,2,26.36
27,1,76.5,0.406006674,1.97,180,165,0.918367347,61,1.13,0.42,1025,Strength,0,0,0,1,21.3,2.3,2,1,19.71
46,1,94.7,0.608453838,1.82,164,120,0,69,1.47,0.646666667,873,Cardio,0,0,1,0,23.2,3.2,3,2,28.59
30,1,67.9,0.310344828,1.75,180,168,0.979591837,67,1.25,0.5,1155,Yoga,1,0,0,0,29.1,3.1,2,1,22.17
29,1,121.1,0.902113459,1.87,188,130,0.204081633,52,1.31,0.54,937,HIIT,0,1,0,0,24.1,3.2,4,2,34.63
48,0,71.5,0.350389321,1.64,179,154,0.693877551,60,1.46,0.64,1012,Yoga,1,0,0,0,32.5,1.9,4,2,26.58
19,1,98.6,0.651835373,1.7,197,162,0.857142857,74,0.83,0.22,740,Cardio,0,0,1,0,21.1,2.4,2,1,34.12
52,0,68.2,0.313681869,1.63,179,148,0.571428571,67,1.17,0.446666667,779,Strength,0,0,0,1,27.5,2.4,3,1,25.67
40,0,57.7,0.196885428,1.69,184,156,0.734693878,53,1.18,0.453333333,920,HIIT,0,1,0,0,33.1,2.4,4,2,20.2
34,1,124.6,0.941045606,1.63,161,136,0.326530612,66,1.41,0.606666667,1055,HIIT,0,1,0,0,27.6,2.8,3,2,46.9
43,0,73,0.367074527,1.59,191,158,0.775510204,67,1.31,0.54,931,Yoga,1,0,0,0,28.9,2.2,3,1,28.88
25,0,59.4,0.215795328,1.51,185,161,0.836734694,54,1.62,0.746666667,1304,Cardio,0,0,1,0,19.8,2.7,5,3,26.05
46,0,52,0.133481646,1.65,165,147,0.551020408,63,0.7,0.133333333,463,Cardio,0,0,1,0,34.1,1.9,2,1,19.1
43,0,42.2,0.024471635,1.65,162,148,0.571428571,59,1.33,0.553333333,886,Cardio,0,0,1,0,34.6,2.3,3,2,15.5
27,1,89.3,0.548387097,1.64,192,162,0.857142857,64,1.82,0.88,1622,HIIT,0,1,0,0,12.1,3.5,4,3,33.2
43,1,110,0.778642937,1.76,160,122,0.040816327,50,1.09,0.393333333,658,Yoga,1,0,0,0,22,3.4,3,1,35.51
51,0,66.2,0.291434928,1.58,164,129,0.183673469,65,0.86,0.24,499,HIIT,0,1,0,0,31.3,2.3,3,1,26.52
58,1,58.6,0.206896552,1.66,172,161,0.836734694,60,1.21,0.473333333,964,HIIT,0,1,0,0,26.8,2.9,2,1,21.27
24,1,51,0.122358176,1.67,178,133,0.265306122,72,0.97,0.313333333,710,Strength,0,0,0,1,21.3,2.8,3,1,18.29
21,1,101.5,0.684093437,1.95,171,131,0.224489796,69,0.97,0.313333333,699,Yoga,1,0,0,0,27.9,3.1,3,1,26.69
28,1,114.2,0.825361513,1.87,184,166,0.93877551,55,1.05,0.366666667,959,Strength,0,0,0,1,20.2,3.2,3,2,32.66
46,1,54.4,0.160177976,1.72,194,161,0.836734694,73,0.91,0.273333333,725,Cardio,0,0,1,0,24.8,2.9,2,1,18.39
53,0,52.4,0.137931034,1.57,171,149,0.591836735,71,1.34,0.56,898,HIIT,0,1,0,0,28.3,2.2,3,2,21.26
42,1,85.2,0.502780868,1.81,189,151,0.632653061,65,1.54,0.693333333,1151,Yoga,1,0,0,0,13.7,3.5,5,3,26.01
38,1,83.6,0.484983315,1.74,164,151,0.632653061,51,1.66,0.773333333,1379,Cardio,0,0,1,0,11.6,3.5,5,3,27.61
53,1,115.4,0.838709677,1.92,193,161,0.836734694,50,1.36,0.573333333,1084,Yoga,1,0,0,0,28.3,2.2,4,2,31.3
27,1,71.2,0.34705228,1.97,181,151,0.632653061,73,0.74,0.16,615,HIIT,0,1,0,0,25.9,3.6,3,1,18.35
54,0,78.1,0.423804227,1.6,198,145,0.510204082,73,1.1,0.4,718,Yoga,1,0,0,0,32.9,2.4,4,2,30.51
26,0,54.2,0.157953281,1.65,172,120,0,58,1.07,0.38,642,Cardio,0,0,1,0,34.9,1.9,4,2,19.91
41,0,77.6,0.418242492,1.76,162,161,0.836734694,71,1.27,0.513333333,920,Strength,0,0,0,1,31.8,2.2,4,2,25.05
52,0,44.1,0.045606229,1.62,179,121,0.020408163,61,1.41,0.606666667,768,HIIT,0,1,0,0,34.8,1.6,3,1,16.8
52,1,85.5,0.506117909,1.8,190,136,0.326530612,66,1.7,0.8,1144,Strength,0,0,0,1,10.1,3.5,5,3,26.39
53,0,47.8,0.08676307,1.76,164,149,0.591836735,74,1.06,0.373333333,711,HIIT,0,1,0,0,28.4,1.5,4,2,15.43
35,1,102.5,0.695216908,1.94,183,158,0.775510204,64,0.84,0.226666667,730,Cardio,0,0,1,0,21.1,2.4,2,1,27.23
56,1,118,0.867630701,1.9,199,126,0.12244898,68,0.66,0.106666667,412,HIIT,0,1,0,0,22.6,3.2,2,1,32.69
49,1,82.3,0.470522803,1.84,192,146,0.530612245,71,1.29,0.526666667,932,Strength,0,0,0,1,28.4,3.4,4,2,24.31
41,1,81.6,0.462736374,1.87,167,128,0.163265306,59,1.87,0.913333333,1185,HIIT,0,1,0,0,10.2,3.5,5,3,23.33
40,1,60.2,0.224694105,1.88,183,141,0.428571429,61,1.22,0.48,946,Cardio,0,0,1,0,25.2,3,3,2,17.03
49,0,49.2,0.102335929,1.54,179,153,0.673469388,63,1.28,0.52,881,HIIT,0,1,0,0,30.7,2.1,3,2,20.75
54,0,46.6,0.073414905,1.5,175,165,0.918367347,58,1.38,0.586666667,1025,Strength,0,0,0,1,30.6,2,2,1,20.71
29,0,68.7,0.319243604,1.72,171,168,0.979591837,62,1.08,0.386666667,907,Cardio,0,0,1,0,29.8,1.7,4,2,23.22
30,0,60.6,0.229143493,1.55,172,120,0,52,1.3,0.533333333,780,Strength,0,0,0,1,32.9,1.6,3,2,25.22
40,1,52.1,0.134593993,1.61,198,128,0.163265306,70,0.87,0.246666667,612,HIIT,0,1,0,0,21.3,3.3,2,1,20.1
42,0,46.6,0.073414905,1.77,184,139,0.387755102,63,0.61,0.073333333,382,Yoga,1,0,0,0,28.1,2.6,2,1,14.87
52,1,65.5,0.283648498,1.74,191,138,0.367346939,70,1.48,0.653333333,1011,Strength,0,0,0,1,26.2,2.8,4,2,21.63
58,0,44.2,0.046718576,1.57,183,155,0.714285714,59,1.08,0.386666667,753,HIIT,0,1,0,0,31.9,2.3,3,1,17.93
47,1,89.1,0.546162403,1.84,168,159,0.795918367,65,1.44,0.626666667,1133,Yoga,1,0,0,0,24,3.6,3,2,26.32
34,1,65.9,0.288097887,1.62,199,164,0.897959184,56,0.81,0.206666667,731,Yoga,1,0,0,0,28.8,2.2,2,1,25.11
37,0,55.6,0.17352614,1.57,182,123,0.06122449,53,0.97,0.313333333,597,Cardio,0,0,1,0,29.2,2.4,2,1,22.56
42,1,63.7,0.263626251,1.98,172,128,0.163265306,69,1.37,0.58,868,Yoga,1,0,0,0,24,3,2,1,16.25
39,1,86.2,0.513904338,1.82,191,160,0.816326531,72,1.96,0.973333333,1725,Strength,0,0,0,1,10.2,3.5,5,3,26.02
30,0,59.2,0.213570634,1.63,174,141,0.428571429,74,1.85,0.9,1304,Strength,0,0,0,1,17.8,2.7,4,3,22.28
36,1,85.4,0.505005562,1.88,195,137,0.346938776,60,1.98,0.986666667,1492,Yoga,1,0,0,0,13.5,3.5,5,3,24.16
53,0,68.1,0.312569522,1.55,164,131,0.224489796,65,1.41,0.606666667,831,HIIT,0,1,0,0,26.1,2.2,4,2,28.35
29,0,60,0.22246941,1.62,181,161,0.836734694,69,0.85,0.233333333,684,Strength,0,0,0,1,28.1,1.9,2,1,22.86
58,0,74.8,0.387096774,1.69,175,162,0.857142857,53,1.28,0.52,933,Strength,0,0,0,1,32.8,2.3,4,2,26.19
36,1,90.3,0.559510567,1.65,169,158,0.775510204,71,1.38,0.586666667,1199,Cardio,0,0,1,0,23.7,3.4,4,2,33.17
29,1,86.1,0.512791991,1.65,183,128,0.163265306,71,1.66,0.773333333,1169,HIIT,0,1,0,0,11.2,3.5,4,3,31.63
26,1,73.7,0.374860957,1.66,177,125,0.102040816,72,0.93,0.286666667,639,Yoga,1,0,0,0,26.7,2.2,2,1,26.75
24,0,67.7,0.308120133,1.56,177,138,0.367346939,66,1.42,0.613333333,980,HIIT,0,1,0,0,27,2.1,3,2,27.82
45,1,78.3,0.426028921,1.96,166,167,0.959183673,62,1.29,0.526666667,1066,Cardio,0,0,1,0,29,2.2,3,1,20.38
31,0,48.2,0.091212458,1.65,163,166,0.93877551,60,1.1,0.4,913,Cardio,0,0,1,0,26.1,2.5,2,1,17.7
48,0,56.8,0.186874305,1.51,185,126,0.12244898,52,1.37,0.58,777,HIIT,0,1,0,0,32.1,2.1,4,2,24.91
36,1,112.4,0.805339266,1.63,164,135,0.306122449,58,1.02,0.346666667,757,Cardio,0,0,1,0,25,3.4,4,2,42.3
33,0,59,0.21134594,1.67,175,124,0.081632653,55,0.9,0.266666667,558,Cardio,0,0,1,0,33.7,1.9,3,1,21.16
22,1,98.4,0.649610679,1.88,194,135,0.306122449,71,0.52,0.013333333,386,Cardio,0,0,1,0,21.3,2.2,2,1,27.84
52,1,66.5,0.294771969,1.6,185,120,0,70,1.34,0.56,796,HIIT,0,1,0,0,26.8,2.1,4,2,25.98
29,1,106.5,0.73971079,1.81,177,156,0.734693878,60,1.29,0.526666667,1107,Cardio,0,0,1,0,25.7,2.5,4,2,32.51
42,1,88.4,0.538375973,1.93,188,158,0.775510204,65,1.68,0.786666667,1314,Yoga,1,0,0,0,12.4,3.5,4,3,23.73
38,1,88.4,0.538375973,1.79,182,138,0.367346939,68,1.74,0.826666667,1321,Yoga,1,0,0,0,12.5,3.5,5,3,27.59
53,0,53.3,0.147942158,1.74,173,156,0.734693878,54,1.37,0.58,962,Strength,0,0,0,1,32.2,1.8,3,2,17.6
40,0,58.1,0.201334816,1.56,174,136,0.326530612,63,0.61,0.073333333,415,Yoga,1,0,0,0,34.4,2.2,2,1,23.87
33,0,74.2,0.380422692,1.76,192,145,0.510204082,66,1.15,0.433333333,834,Strength,0,0,0,1,25.9,1.5,4,2,23.95
56,1,84.6,0.496106785,1.63,184,141,0.428571429,52,1.01,0.34,705,HIIT,0,1,0,0,20.2,2.9,4,2,31.84
59,1,78,0.42269188,1.92,180,127,0.142857143,53,0.72,0.146666667,453,Cardio,0,0,1,0,28.1,2.7,3,1,21.16
56,1,89,0.545050056,1.68,176,152,0.653061224,65,1.77,0.846666667,1332,Yoga,1,0,0,0,10.5,3.5,5,3,31.53
31,0,42.7,0.03003337,1.76,182,121,0.020408163,65,1.46,0.64,883,Strength,0,0,0,1,34.9,2.2,3,1,13.78
48,1,83.9,0.488320356,1.82,176,149,0.591836735,70,1.9,0.933333333,1401,HIIT,0,1,0,0,13.1,3.5,5,3,25.33
22,0,78.7,0.430478309,1.52,173,166,0.93877551,74,1.45,0.633333333,1204,Strength,0,0,0,1,31.5,2.3,3,2,34.06
52,0,65.9,0.288097887,1.52,188,139,0.387755102,53,1.27,0.513333333,794,Cardio,0,0,1,0,27,2.3,4,2,28.52
40,1,76.9,0.410456062,1.92,179,137,0.346938776,68,1.13,0.42,851,Yoga,1,0,0,0,22.4,3.7,4,2,20.86
46,1,84.3,0.492769744,2,189,162,0.857142857,66,1.83,0.886666667,1467,HIIT,0,1,0,0,13.3,3.5,5,3,21.07
28,0,62.4,0.24916574,1.6,178,129,0.183673469,62,1.1,0.4,710,Strength,0,0,0,1,34.1,1.7,3,2,24.37
35,1,63.7,0.263626251,1.74,198,143,0.469387755,71,1.03,0.353333333,810,HIIT,0,1,0,0,29.8,2.7,4,2,21.04
29,0,54.9,0.165739711,1.52,172,123,0.06122449,72,1.48,0.653333333,910,Strength,0,0,0,1,27,2,3,1,23.76
26,1,76.4,0.404894327,1.79,177,156,0.734693878,73,1.17,0.446666667,1004,Strength,0,0,0,1,21.3,2.7,3,2,23.84
27,1,106.4,0.738598443,1.86,182,123,0.06122449,50,1.34,0.56,907,Cardio,0,0,1,0,20.6,3.1,2,1,30.76
34,0,68.4,0.315906563,1.5,192,132,0.244897959,61,1.37,0.58,904,Cardio,0,0,1,0,33.7,2.1,4,2,30.4
55,1,63.5,0.261401557,1.86,198,144,0.489795918,53,1.36,0.573333333,969,Strength,0,0,0,1,22.9,2.9,4,2,18.35
24,0,59.4,0.215795328,1.5,199,132,0.244897959,60,1.25,0.5,825,Yoga,1,0,0,0,25,2,3,2,26.4
30,1,113.4,0.816462736,1.91,177,137,0.346938776,54,1.27,0.513333333,957,HIIT,0,1,0,0,22.2,3.7,3,1,31.08
57,0,61.9,0.243604004,1.52,168,143,0.469387755,51,0.92,0.28,592,HIIT,0,1,0,0,28.4,2.6,3,1,26.79
59,0,70.7,0.341490545,1.68,192,121,0.020408163,66,1.17,0.446666667,637,Cardio,0,0,1,0,34.9,1.9,3,2,25.05
26,1,111.5,0.795328142,1.9,191,167,0.959183673,57,1.02,0.346666667,937,Yoga,1,0,0,0,25.2,2.2,2,1,30.89
44,0,72.1,0.357063404,1.66,176,152,0.653061224,55,1.4,0.6,958,Strength,0,0,0,1,27,2.5,2,1,26.16
19,1,56.9,0.187986652,1.87,178,138,0.367346939,70,0.61,0.073333333,463,Cardio,0,0,1,0,23.3,3.7,3,1,16.27
22,1,86.2,0.513904338,1.9,186,128,0.163265306,58,1.91,0.94,1345,Strength,0,0,0,1,11.7,3.5,5,3,23.88
46,1,59.4,0.215795328,1.68,165,147,0.551020408,62,1.16,0.44,844,Strength,0,0,0,1,20.2,2.5,4,2,21.05
54,0,75.6,0.395995551,1.72,194,154,0.693877551,60,0.97,0.313333333,672,Cardio,0,0,1,0,26.4,1.9,3,1,25.55
55,0,76.3,0.40378198,1.73,196,158,0.775510204,65,1.08,0.386666667,768,Yoga,1,0,0,0,32,2.6,3,1,25.49
36,1,95.8,0.620689655,1.86,193,129,0.183673469,65,1.37,0.58,972,HIIT,0,1,0,0,21.2,3.2,3,1,27.69
25,1,120.6,0.896551724,1.83,179,120,0,51,1.04,0.36,686,Cardio,0,0,1,0,22.3,2.5,3,2,36.01
18,0,65.3,0.281423804,1.55,184,161,0.836734694,59,1.42,0.613333333,1143,Yoga,1,0,0,0,28.5,2.2,3,2,27.18
39,1,85.3,0.503893215,1.89,163,140,0.408163265,61,0.77,0.18,593,Strength,0,0,0,1,27.6,3.6,2,1,23.88
34,1,68,0.311457175,1.68,169,128,0.163265306,57,0.67,0.113333333,472,Cardio,0,0,1,0,25.8,3.4,2,1,24.09
24,0,52.6,0.140155729,1.57,169,166,0.93877551,60,1.29,0.526666667,1071,HIIT,0,1,0,0,31.9,2.4,2,1,21.34
42,1,63.3,0.259176863,1.77,183,134,0.285714286,59,1.32,0.546666667,876,HIIT,0,1,0,0,25.7,3.3,3,2,20.2
21,0,76.3,0.40378198,1.65,180,154,0.693877551,62,1.14,0.426666667,878,Strength,0,0,0,1,31.8,1.7,3,2,28.03
53,1,61,0.233592881,1.63,170,124,0.081632653,74,0.54,0.026666667,331,Cardio,0,0,1,0,20,3.4,3,1,22.96
23,0,67.8,0.309232481,1.61,186,160,0.816326531,66,1.34,0.56,1072,HIIT,0,1,0,0,34.3,1.8,2,1,26.16
48,1,114.9,0.833147942,1.86,175,141,0.428571429,56,1.36,0.573333333,949,Cardio,0,0,1,0,21.1,3.6,3,1,33.21
36,1,88,0.533926585,1.71,185,160,0.816326531,73,1.87,0.913333333,1646,HIIT,0,1,0,0,12,3.5,5,3,30.09
56,0,67.7,0.308120133,1.58,189,142,0.448979592,52,1.45,0.633333333,927,Strength,0,0,0,1,32.7,1.9,2,1,27.12
44,1,124.8,0.9432703,1.85,175,126,0.12244898,69,1.35,0.566666667,842,Strength,0,0,0,1,24.4,3.5,4,2,36.46
27,0,53,0.144605117,1.58,166,142,0.448979592,62,1.26,0.506666667,895,Cardio,0,0,1,0,34.5,1.8,4,2,21.23
43,1,61.2,0.235817575,1.88,175,163,0.87755102,68,1.03,0.353333333,831,Yoga,1,0,0,0,24.7,2.9,3,1,17.32
36,0,48.7,0.096774194,1.68,194,144,0.489795918,56,1.23,0.486666667,886,Yoga,1,0,0,0,33.7,1.6,3,1,17.25
56,0,50.6,0.117908788,1.7,175,146,0.530612245,58,1.29,0.526666667,848,Strength,0,0,0,1,33.1,2.3,2,1,17.51
20,0,72.6,0.362625139,1.73,199,160,0.816326531,68,1.27,0.513333333,1016,HIIT,0,1,0,0,34.8,2.5,3,2,24.26
30,0,70.4,0.338153504,1.56,171,125,0.102040816,62,1.03,0.353333333,644,Yoga,1,0,0,0,34.3,2.4,4,2,28.93
45,1,52.5,0.139043382,1.88,194,153,0.673469388,71,1.08,0.386666667,818,Strength,0,0,0,1,29,2.9,4,2,14.85
37,1,76.3,0.40378198,1.77,180,128,0.163265306,57,1.36,0.573333333,957,HIIT,0,1,0,0,27.3,2.1,4,2,24.35
45,0,41.2,0.013348165,1.58,195,168,0.979591837,71,1.47,0.646666667,1111,HIIT,0,1,0,0,28.7,2.6,2,1,16.5
25,0,55.3,0.170189099,1.76,176,152,0.653061224,67,1.56,0.706666667,1186,Yoga,1,0,0,0,15.5,2.7,4,3,17.85
58,0,49.7,0.107897664,1.67,191,125,0.102040816,72,1.38,0.586666667,776,Strength,0,0,0,1,31.9,2.3,4,2,17.82
56,1,48.3,0.092324805,1.87,165,156,0.734693878,51,0.68,0.12,525,HIIT,0,1,0,0,29.8,3.3,3,1,13.81
18,1,83.2,0.480533927,1.96,183,150,0.612244898,67,1.83,0.886666667,1510,HIIT,0,1,0,0,13.6,3.5,4,3,21.66
20,1,120.5,0.895439377,1.73,186,153,0.673469388,67,1.01,0.34,850,Cardio,0,0,1,0,29.3,3.4,3,2,40.26
30,1,121.6,0.907675195,2,179,160,0.816326531,60,1.24,0.493333333,1091,Cardio,0,0,1,0,28,3.3,4,2,30.4
45,0,73,0.367074527,1.75,184,148,0.571428571,50,1.14,0.426666667,759,Yoga,1,0,0,0,26.6,2,4,2,23.84
42,0,57.5,0.194660734,1.67,161,133,0.265306122,63,1.76,0.84,1053,Cardio,0,0,1,0,16.2,2.7,5,3,20.62
50,0,42.7,0.03003337,1.53,168,155,0.714285714,65,1.41,0.606666667,983,Strength,0,0,0,1,28.4,2.4,4,2,18.24
55,1,129.9,1,1.73,187,155,0.714285714,60,0.69,0.126666667,529,Yoga,1,0,0,0,21.7,3.1,3,1,43.4
23,1,108.6,0.763070078,1.92,197,134,0.285714286,50,0.89,0.26,656,Yoga,1,0,0,0,25.8,3.5,2,1,29.46
49,1,88.6,0.540600667,2,162,127,0.142857143,56,1.83,0.886666667,1150,Cardio,0,0,1,0,14.9,3.5,4,3,22.15
38,0,49.7,0.107897664,1.51,179,145,0.510204082,65,1.25,0.5,906,HIIT,0,1,0,0,32.6,2.5,3,1,21.8
33,0,56.4,0.182424917,1.54,165,155,0.714285714,63,1.06,0.373333333,822,Strength,0,0,0,1,29.2,1.5,3,1,23.78
38,1,46.9,0.076751947,1.74,198,167,0.959183673,64,1.03,0.353333333,946,Strength,0,0,0,1,20,2.6,4,2,15.49
28,0,71.3,0.348164627,1.67,192,140,0.408163265,63,1.46,0.64,1022,Strength,0,0,0,1,28.1,1.5,4,2,25.57
54,1,71.6,0.351501669,1.86,160,147,0.551020408,70,1.14,0.426666667,830,Yoga,1,0,0,0,25.3,2.2,3,2,20.7
53,1,82.3,0.470522803,1.61,196,123,0.06122449,60,1.87,0.913333333,1139,Strength,0,0,0,1,11.6,3.5,5,3,31.75
52,0,70.6,0.340378198,1.69,165,135,0.306122449,65,1.36,0.573333333,826,HIIT,0,1,0,0,26.1,2.2,3,1,24.72
36,1,109.8,0.776418242,1.62,193,141,0.428571429,68,0.84,0.226666667,651,HIIT,0,1,0,0,24.4,3.5,3,1,41.84
37,0,73.5,0.372636263,1.69,174,131,0.224489796,66,0.54,0.026666667,354,Cardio,0,0,1,0,27.5,1.6,2,1,25.73
35,1,85.6,0.507230256,1.85,185,135,0.306122449,55,1.78,0.853333333,1322,Strength,0,0,0,1,14.5,3.5,5,3,25.01
58,0,74.6,0.38487208,1.68,173,159,0.795918367,60,1.03,0.353333333,737,Yoga,1,0,0,0,26,2,4,2,26.43
31,0,63.2,0.258064516,1.8,166,157,0.755102041,66,0.59,0.06,463,Cardio,0,0,1,0,25.5,2.6,2,1,19.51
32,0,62.6,0.251390434,1.63,190,161,0.836734694,58,1.67,0.78,1344,HIIT,0,1,0,0,15,2.7,5,3,23.56
48,1,87.1,0.523915462,1.76,183,156,0.734693878,67,1.81,0.873333333,1398,Strength,0,0,0,1,11.6,3.5,5,3,28.12
18,1,82.3,0.470522803,1.84,190,148,0.571428571,66,1.73,0.82,1408,HIIT,0,1,0,0,13.3,3.5,5,3,24.31
20,0,64.3,0.270300334,1.78,188,137,0.346938776,61,1.71,0.806666667,1171,Cardio,0,0,1,0,18.7,2.7,4,3,20.29
33,0,53.7,0.152391546,1.66,191,129,0.183673469,72,1.25,0.5,806,HIIT,0,1,0,0,29.5,2.5,3,1,19.49
40,1,63,0.255839822,2,176,161,0.836734694,71,1.42,0.613333333,1257,Strength,0,0,0,1,26.8,2.9,4,2,15.75
28,1,128.4,0.983314794,1.86,173,158,0.775510204,71,1.06,0.373333333,921,Strength,0,0,0,1,23.6,3.3,4,2,37.11
29,1,88,0.533926585,1.89,199,137,0.346938776,54,1.75,0.833333333,1319,Cardio,0,0,1,0,13.3,3.5,5,3,24.64
27,0,63.7,0.263626251,1.52,195,120,0,60,1.19,0.46,714,Strength,0,0,0,1,25.4,2.1,4,2,27.57
49,1,83.7,0.486095662,1.87,183,158,0.775510204,53,1.29,0.526666667,1009,HIIT,0,1,0,0,23.9,2.3,4,2,23.94
33,1,102.6,0.696329255,1.75,186,140,0.408163265,53,1.4,0.6,1078,HIIT,0,1,0,0,27.9,2.2,3,2,33.5
25,0,77.7,0.419354839,1.55,184,120,0,52,0.55,0.033333333,330,Yoga,1,0,0,0,33,1.7,2,1,32.34
55,1,87.5,0.52836485,1.88,191,134,0.285714286,73,1.19,0.46,789,Yoga,1,0,0,0,27.2,2.6,4,2,24.76
29,1,87,0.522803115,1.86,177,123,0.06122449,72,1.52,0.68,1028,Yoga,1,0,0,0,11,3.5,4,3,25.15
41,1,82.8,0.476084538,1.66,177,139,0.387755102,74,1.97,0.98,1355,HIIT,0,1,0,0,11.2,3.5,5,3,30.05
45,0,65.4,0.282536151,1.68,196,129,0.183673469,66,0.76,0.173333333,441,HIIT,0,1,0,0,35,2.6,3,1,23.17
25,0,47.2,0.080088988,1.71,185,142,0.448979592,56,0.89,0.26,632,Cardio,0,0,1,0,26,2.5,2,1,16.14
45,0,58.2,0.202447164,1.7,168,160,0.816326531,53,0.95,0.3,684,Yoga,1,0,0,0,26.8,2,3,1,20.14
53,0,73.5,0.372636263,1.55,194,153,0.673469388,72,1.17,0.446666667,806,HIIT,0,1,0,0,26.3,2.1,4,2,30.59
43,0,55.2,0.169076752,1.73,167,165,0.918367347,62,1.67,0.78,1240,Cardio,0,0,1,0,16.6,2.7,5,3,18.44
25,0,64.4,0.271412681,1.71,179,167,0.959183673,61,1.12,0.413333333,935,HIIT,0,1,0,0,27.1,1.8,3,1,22.02
45,0,73.5,0.372636263,1.74,181,152,0.653061224,50,1.18,0.453333333,807,Cardio,0,0,1,0,30,2.3,4,2,24.28
45,1,89.6,0.551724138,1.81,178,153,0.673469388,70,1.7,0.8,1287,Yoga,1,0,0,0,12.4,3.5,5,3,27.35
54,1,86.5,0.517241379,1.76,189,158,0.775510204,68,1.48,0.653333333,1158,Yoga,1,0,0,0,29,3.4,3,2,27.92
58,0,46.1,0.06785317,1.67,187,129,0.183673469,70,1.28,0.52,743,Yoga,1,0,0,0,25.3,1.8,4,2,16.53
53,1,68.5,0.31701891,1.97,194,139,0.387755102,69,1.3,0.533333333,894,HIIT,0,1,0,0,23.2,2.1,3,2,17.65
44,1,94.6,0.607341491,1.84,170,120,0,67,1.26,0.506666667,748,HIIT,0,1,0,0,26,3.1,4,2,27.94
34,0,54.2,0.157953281,1.52,190,132,0.244897959,60,1.13,0.42,746,Cardio,0,0,1,0,31,2.2,3,1,23.46
26,1,47.7,0.085650723,1.77,198,120,0,69,1.15,0.433333333,759,Strength,0,0,0,1,24.8,2.7,3,2,15.23
50,1,52.2,0.13570634,1.84,195,124,0.081632653,52,1.38,0.586666667,847,Strength,0,0,0,1,28.2,3.1,4,2,15.42
37,1,88.8,0.542825362,1.95,189,135,0.306122449,66,1.58,0.72,1173,Yoga,1,0,0,0,10.3,3.5,5,3,23.35
30,1,101,0.678531702,1.68,182,134,0.285714286,61,1.46,0.64,1076,Strength,0,0,0,1,28.2,2.9,4,2,35.79
45,1,118.4,0.872080089,1.95,178,168,0.979591837,59,1.06,0.373333333,881,Yoga,1,0,0,0,24.9,2.4,3,2,31.14
46,0,47.9,0.087875417,1.72,171,147,0.551020408,57,1.41,0.606666667,933,Cardio,0,0,1,0,26.3,2,3,1,16.19
30,0,51.5,0.127919911,1.74,174,150,0.612244898,64,1.08,0.386666667,810,Strength,0,0,0,1,33.9,2,3,2,17.01
52,0,79.9,0.443826474,1.51,190,142,0.448979592,54,0.75,0.166666667,479,Strength,0,0,0,1,31.5,2.6,3,1,35.04
23,1,121.3,0.904338154,1.85,196,167,0.959183673,53,0.72,0.146666667,661,Yoga,1,0,0,0,21.6,3.6,2,1,35.44
35,0,78.9,0.432703003,1.64,196,164,0.897959184,70,1.28,0.52,1050,Cardio,0,0,1,0,25.3,2.6,4,2,29.34
22,1,88.5,0.53948832,1.62,174,162,0.857142857,69,1.88,0.92,1675,Strength,0,0,0,1,10.7,3.5,5,3,33.72
42,1,73.5,0.372636263,1.63,188,136,0.326530612,68,0.52,0.013333333,350,Strength,0,0,0,1,26.1,3.2,3,1,27.66
19,1,127.9,0.977753059,1.93,185,168,0.979591837,70,1.27,0.513333333,1173,Strength,0,0,0,1,21.8,3,4,2,34.34
27,1,88.5,0.53948832,1.98,161,153,0.673469388,53,1.8,0.866666667,1515,Cardio,0,0,1,0,11.1,3.5,4,3,22.57
47,0,43.4,0.0378198,1.62,179,132,0.244897959,64,0.51,0.006666667,303,Cardio,0,0,1,0,25.3,2.3,3,1,16.54
22,0,42.8,0.031145717,1.56,174,133,0.265306122,66,1.47,0.646666667,978,Strength,0,0,0,1,32.2,2.6,3,2,17.59
50,1,64.5,0.272525028,1.79,163,130,0.204081633,61,1.17,0.446666667,753,Yoga,1,0,0,0,28.1,2.4,4,2,20.13
18,0,50.7,0.119021135,1.53,181,147,0.551020408,52,1.29,0.526666667,948,Yoga,1,0,0,0,33,2.1,3,2,21.66
35,1,59.2,0.213570634,1.66,197,161,0.836734694,59,1.3,0.533333333,1151,Strength,0,0,0,1,21.3,3.2,3,1,21.48
49,0,78.9,0.432703003,1.73,182,151,0.632653061,64,1.38,0.586666667,938,Cardio,0,0,1,0,34,2.3,2,1,26.36
28,0,78.7,0.430478309,1.63,185,154,0.693877551,59,1.1,0.4,847,Strength,0,0,0,1,31.7,1.8,3,2,29.62
38,1,68.7,0.319243604,1.92,170,150,0.612244898,73,1.31,0.54,1081,Cardio,0,0,1,0,29,3,4,2,18.64
43,0,53.1,0.145717464,1.59,187,136,0.326530612,72,0.82,0.213333333,502,Strength,0,0,0,1,29.5,2.5,2,1,21
42,1,64.8,0.275862069,1.65,161,166,0.93877551,67,1.1,0.4,904,Cardio,0,0,1,0,24.4,2.8,3,2,23.8
39,0,50.3,0.114571746,1.61,167,128,0.163265306,50,1.17,0.446666667,749,HIIT,0,1,0,0,32.8,2.5,2,1,19.41
44,1,102.3,0.692992214,1.63,188,129,0.183673469,52,1.34,0.56,856,Yoga,1,0,0,0,20.9,2.6,4,2,38.5
30,1,62.9,0.254727475,1.92,170,127,0.142857143,70,1.13,0.42,789,HIIT,0,1,0,0,25.2,3.6,2,1,17.06
50,0,56.5,0.183537264,1.6,196,140,0.408163265,61,1.88,0.92,1184,Yoga,1,0,0,0,19.2,2.7,5,3,22.07
51,0,74.6,0.38487208,1.55,177,132,0.244897959,50,0.71,0.14,422,Cardio,0,0,1,0,33.3,2.1,2,1,31.05
58,1,52,0.133481646,1.79,173,169,1,52,1.12,0.413333333,937,HIIT,0,1,0,0,29.6,3,3,1,16.23
52,0,52.1,0.134593993,1.67,169,124,0.081632653,52,1.5,0.666666667,837,Yoga,1,0,0,0,32,1.5,2,1,18.68
18,0,72.2,0.358175751,1.54,194,125,0.102040816,54,0.97,0.313333333,606,Strength,0,0,0,1,27.1,1.7,2,1,30.44
38,1,85.8,0.50945495,1.8,168,149,0.591836735,68,1.72,0.813333333,1410,Cardio,0,0,1,0,10.1,3.5,4,3,26.48
23,1,81.4,0.46051168,1.85,194,150,0.612244898,74,1.6,0.733333333,1320,Cardio,0,0,1,0,12.4,3.5,4,3,23.78
45,0,50.9,0.121245829,1.65,170,136,0.326530612,50,1.45,0.633333333,887,Strength,0,0,0,1,30.1,2.3,2,1,18.7
34,1,52,0.133481646,1.78,171,130,0.204081633,53,1.38,0.586666667,987,Strength,0,0,0,1,22.4,2.7,4,2,16.41
22,1,71,0.344827586,1.93,162,139,0.387755102,53,1.42,0.613333333,1086,Yoga,1,0,0,0,21.2,2.9,4,2,19.06
48,1,80.6,0.451612903,1.77,198,167,0.959183673,66,1.51,0.673333333,1248,Cardio,0,0,1,0,12.9,3.5,4,3,25.73
22,0,58.3,0.203559511,1.72,173,128,0.163265306,63,1,0.333333333,640,Yoga,1,0,0,0,32.6,1.6,3,2,19.71
55,0,63,0.255839822,1.7,187,121,0.020408163,67,1.32,0.546666667,719,Strength,0,0,0,1,34.9,2.5,3,1,21.8
20,1,111,0.789766407,1.94,170,156,0.734693878,50,1.02,0.346666667,875,Cardio,0,0,1,0,27.6,3.3,4,2,29.49
40,0,52.6,0.140155729,1.66,198,120,0,71,1.27,0.513333333,762,Strength,0,0,0,1,32.9,1.7,3,2,19.09
54,1,116.4,0.849833148,2,184,123,0.06122449,65,1.13,0.42,688,Yoga,1,0,0,0,26.2,3.1,3,1,29.1
54,0,75.6,0.395995551,1.61,180,155,0.714285714,52,1.41,0.606666667,983,Yoga,1,0,0,0,34.9,2.5,4,2,29.17
27,1,61.6,0.240266963,1.8,169,144,0.489795918,72,1.48,0.653333333,1172,Yoga,1,0,0,0,26.4,3.1,2,1,19.01
27,1,108,0.756395996,1.8,174,122,0.040816327,70,1.38,0.586666667,926,Cardio,0,0,1,0,28.6,2.5,4,2,33.33
36,0,59.3,0.214682981,1.75,178,128,0.163265306,58,0.99,0.326666667,634,Strength,0,0,0,1,34.5,2.3,3,1,19.36
34,1,75.7,0.397107898,1.94,181,141,0.428571429,72,1.18,0.453333333,915,Strength,0,0,0,1,29.3,2.4,4,2,20.11
38,0,56.3,0.18131257,1.6,180,142,0.448979592,53,1.21,0.473333333,859,Yoga,1,0,0,0,28.8,1.9,4,2,21.99
31,0,58.2,0.202447164,1.73,191,131,0.224489796,70,1.17,0.446666667,766,Yoga,1,0,0,0,25.8,1.8,3,2,19.45
26,1,55.7,0.174638487,1.68,182,129,0.183673469,54,1.13,0.42,802,Yoga,1,0,0,0,21.7,2.9,3,1,19.73
18,1,125.9,0.955506118,1.67,172,153,0.673469388,60,1.46,0.64,1229,Yoga,1,0,0,0,20.6,2.2,3,2,45.14
30,0,62.7,0.252502781,1.67,164,162,0.857142857,70,1.02,0.346666667,826,HIIT,0,1,0,0,26.1,2.6,4,2,22.48
21,1,86.6,0.518353726,1.86,163,129,0.183673469,58,1.37,0.58,972,HIIT,0,1,0,0,21.8,2.6,3,2,25.03
18,1,64.5,0.272525028,1.82,187,149,0.591836735,52,1.2,0.466666667,983,HIIT,0,1,0,0,23.4,2.4,3,2,19.47
57,1,76.6,0.407119021,1.86,173,141,0.428571429,55,1.14,0.426666667,796,Yoga,1,0,0,0,25.4,2.8,4,2,22.14
49,1,81.4,0.46051168,1.83,167,125,0.102040816,73,1.98,0.986666667,1225,Yoga,1,0,0,0,13.6,3.5,5,3,24.31
51,1,60.7,0.23025584,1.71,168,169,1,60,1.14,0.426666667,954,Strength,0,0,0,1,22.1,2.5,2,1,20.76
45,0,57.2,0.191323693,1.55,194,121,0.020408163,58,1.67,0.78,909,Cardio,0,0,1,0,18.4,2.7,5,3,23.81
48,0,73,0.367074527,1.59,196,149,0.591836735,64,1.19,0.46,798,Strength,0,0,0,1,32,2.1,3,2,28.88
25,1,123.8,0.93214683,1.99,180,121,0.020408163,72,1.13,0.42,752,HIIT,0,1,0,0,25.6,2.6,3,1,31.26
56,1,93.6,0.59621802,1.66,177,151,0.632653061,52,1.37,0.58,1024,Strength,0,0,0,1,29,2.2,2,1,33.97
43,1,76.8,0.409343715,1.92,192,161,0.836734694,50,1.24,0.493333333,988,Yoga,1,0,0,0,21.1,2.5,3,1,20.83
51,0,54.7,0.163515017,1.53,167,135,0.306122449,69,1.11,0.406666667,674,HIIT,0,1,0,0,26.8,2,4,2,23.37
20,1,92.3,0.581757508,1.94,176,131,0.224489796,71,1.14,0.426666667,821,HIIT,0,1,0,0,24.3,2.1,3,2,24.52
29,0,71.8,0.353726363,1.55,190,120,0,68,1.2,0.466666667,720,Cardio,0,0,1,0,26.3,2.4,4,2,29.89
18,0,66.9,0.299221357,1.57,193,127,0.142857143,63,1.07,0.38,679,Cardio,0,0,1,0,30.7,2.2,3,2,27.14
22,0,48.7,0.096774194,1.76,165,167,0.959183673,66,1.37,0.58,1144,HIIT,0,1,0,0,29,2.2,4,2,15.72
47,1,66.2,0.291434928,1.71,181,169,1,71,1.42,0.613333333,1188,HIIT,0,1,0,0,22.8,2.9,3,1,22.64
47,0,40,0,1.76,173,132,0.244897959,63,0.8,0.2,475,Strength,0,0,0,1,26.7,2.2,3,1,12.91
34,1,112.4,0.805339266,1.85,162,134,0.285714286,66,1.18,0.453333333,870,HIIT,0,1,0,0,23.4,3.6,4,2,32.84
40,0,70,0.333704116,1.55,171,163,0.87755102,74,0.85,0.233333333,693,Yoga,1,0,0,0,31.1,1.5,3,1,29.14
32,1,84,0.489432703,1.74,195,127,0.142857143,63,1.45,0.633333333,1013,Strength,0,0,0,1,25.8,2.1,3,1,27.74
54,0,43.8,0.042269188,1.65,171,129,0.183673469,61,1.29,0.526666667,749,Yoga,1,0,0,0,26.6,1.7,4,2,16.09
38,1,123.3,0.926585095,1.62,161,165,0.918367347,65,1.34,0.56,1216,Yoga,1,0,0,0,21.2,2.3,4,2,46.98
31,0,57.9,0.199110122,1.56,161,124,0.081632653,50,1.8,0.866666667,1116,Yoga,1,0,0,0,15.1,2.7,5,3,23.79
19,1,82.4,0.47163515,1.96,174,169,1,62,1.9,0.933333333,1766,HIIT,0,1,0,0,10.1,3.5,5,3,21.45
28,1,84.8,0.498331479,1.79,182,138,0.367346939,55,1.35,0.566666667,1025,Cardio,0,0,1,0,28.8,2.3,4,2,26.47
56,1,109.6,0.774193548,1.66,188,166,0.93877551,66,1.29,0.526666667,1060,Cardio,0,0,1,0,20.5,3.1,3,2,39.77
55,1,86.4,0.516129032,1.77,176,157,0.755102041,61,1,0.333333333,777,Yoga,1,0,0,0,27.3,2.8,3,2,27.58
51,0,63.9,0.265850945,1.8,191,130,0.204081633,72,1.07,0.38,626,HIIT,0,1,0,0,33.7,2.7,4,2,19.72
55,0,70.8,0.342602892,1.62,166,162,0.857142857,68,0.54,0.026666667,394,Strength,0,0,0,1,26,1.8,3,1,26.98
51,1,115.3,0.83759733,1.67,189,139,0.387755102,55,1.38,0.586666667,950,Yoga,1,0,0,0,24.4,2.5,3,2,41.34
35,0,55.3,0.170189099,1.56,187,139,0.387755102,56,1.71,0.806666667,1188,Strength,0,0,0,1,19.8,2.7,5,3,22.72
47,1,73.9,0.377085651,1.8,173,140,0.408163265,50,1.36,0.573333333,942,Strength,0,0,0,1,28.3,3.7,3,1,22.81
32,1,97.3,0.637374861,1.96,189,137,0.346938776,50,1.36,0.573333333,1025,HIIT,0,1,0,0,24.9,3.4,3,2,25.33
44,0,60.4,0.226918799,1.65,176,169,1,54,1.27,0.513333333,966,HIIT,0,1,0,0,32.6,2.1,4,2,22.19
51,1,49.3,0.103448276,1.61,191,129,0.183673469,55,1.36,0.573333333,868,Cardio,0,0,1,0,28.3,2.9,2,1,19.02
55,1,91.8,0.576195773,1.78,165,153,0.673469388,65,1.44,0.626666667,1091,Cardio,0,0,1,0,23.5,3.4,3,1,28.97
50,0,73.6,0.37374861,1.55,183,145,0.510204082,74,0.89,0.26,581,HIIT,0,1,0,0,33.9,2.1,3,1,30.63
41,1,47.1,0.078976641,1.78,165,149,0.591836735,65,1.26,0.506666667,929,Yoga,1,0,0,0,24.7,2.4,3,1,14.87
32,1,65.2,0.280311457,1.62,186,128,0.163265306,63,0.58,0.053333333,408,Cardio,0,0,1,0,25.3,3.4,2,1,24.84
47,1,87.2,0.525027809,1.64,177,165,0.918367347,50,2,1,1634,Strength,0,0,0,1,15,3.5,4,3,32.42
59,1,96.7,0.630700779,1.71,183,150,0.612244898,62,0.57,0.046666667,423,Yoga,1,0,0,0,28.4,2.9,3,1,33.07
34,0,46.9,0.076751947,1.61,196,161,0.836734694,69,1.02,0.346666667,821,Strength,0,0,0,1,28.6,1.7,3,2,18.09
22,0,72.1,0.357063404,1.62,183,123,0.06122449,59,1.38,0.586666667,849,HIIT,0,1,0,0,25.1,2.1,3,1,27.47
46,0,62.5,0.250278087,1.54,197,125,0.102040816,73,1.61,0.74,906,Strength,0,0,0,1,18.1,2.7,4,3,26.35
21,1,110.7,0.786429366,1.69,193,133,0.265306122,59,1.06,0.373333333,775,Yoga,1,0,0,0,27,2.7,3,1,38.76
27,1,102.6,0.696329255,1.83,199,123,0.06122449,58,1.41,0.606666667,954,HIIT,0,1,0,0,26.5,3.5,3,2,30.64
34,0,64.3,0.270300334,1.62,174,145,0.510204082,62,1.76,0.84,1276,Yoga,1,0,0,0,19.8,2.7,5,3,24.5
27,1,80.7,0.45272525,1.61,170,166,0.93877551,52,1.75,0.833333333,1598,Strength,0,0,0,1,14.3,3.5,4,3,31.13
34,1,115.3,0.83759733,1.81,181,167,0.959183673,67,1.36,0.573333333,1249,Yoga,1,0,0,0,24.5,2.2,2,1,35.19
37,1,87.8,0.531701891,1.69,183,158,0.775510204,69,1.81,0.873333333,1573,HIIT,0,1,0,0,10.3,3.5,5,3,30.74
41,1,74.3,0.381535039,1.61,160,136,0.326530612,51,1.06,0.373333333,714,Strength,0,0,0,1,24.8,3.5,4,2,28.66
22,0,78.5,0.428253615,1.7,177,138,0.367346939,66,1.36,0.573333333,938,Strength,0,0,0,1,31.9,2.1,4,2,27.16
51,0,77.3,0.414905451,1.58,171,168,0.979591837,68,0.97,0.313333333,733,Cardio,0,0,1,0,31.1,2,2,1,30.96
23,0,64.5,0.272525028,1.7,187,125,0.102040816,72,0.51,0.006666667,319,Cardio,0,0,1,0,30.4,1.7,2,1,22.32
19,1,72,0.355951057,1.94,199,148,0.571428571,62,1.17,0.446666667,952,Yoga,1,0,0,0,24.7,3.2,3,2,19.13
30,0,77.9,0.421579533,1.77,166,130,0.204081633,62,1.41,0.606666667,916,Cardio,0,0,1,0,27.9,2.6,4,2,24.87
28,0,69.6,0.329254727,1.58,182,135,0.306122449,50,1.49,0.66,1006,Cardio,0,0,1,0,27.8,2,3,2,27.88
40,1,68.9,0.321468298,1.99,180,149,0.591836735,51,1.16,0.44,951,Cardio,0,0,1,0,25,2.4,4,2,17.4
33,1,45.9,0.065628476,1.89,193,144,0.489795918,50,1.45,0.633333333,1148,Cardio,0,0,1,0,21.6,2.9,3,2,12.85
48,0,68.2,0.313681869,1.69,170,159,0.795918367,73,0.75,0.166666667,537,HIIT,0,1,0,0,28.4,2.5,3,1,23.88
28,0,79.6,0.440489433,1.59,181,130,0.204081633,54,1.49,0.66,968,HIIT,0,1,0,0,28.2,1.5,3,2,31.49
33,0,53.6,0.151279199,1.52,194,126,0.12244898,73,1.02,0.346666667,643,Cardio,0,0,1,0,30.9,2.3,2,1,23.2
25,0,57.7,0.196885428,1.58,188,145,0.510204082,52,1.36,0.573333333,986,Yoga,1,0,0,0,25.7,2.2,3,2,23.11
21,1,74.2,0.380422692,1.93,187,141,0.428571429,56,1.32,0.546666667,1024,HIIT,0,1,0,0,28.3,2.5,3,2,19.92
57,0,64.4,0.271412681,1.56,177,144,0.489795918,73,1.52,0.68,985,Cardio,0,0,1,0,17.8,2.7,5,3,26.46
21,0,54.9,0.165739711,1.78,173,138,0.367346939,71,0.55,0.033333333,380,HIIT,0,1,0,0,31.7,2,2,1,17.33
42,1,50.3,0.114571746,1.64,177,150,0.612244898,62,0.63,0.086666667,468,Strength,0,0,0,1,27,2.4,3,1,18.7
20,0,46.5,0.072302558,1.68,187,145,0.510204082,72,0.91,0.273333333,660,HIIT,0,1,0,0,27.9,2.4,2,1,16.48
49,1,57.8,0.197997775,1.99,183,161,0.836734694,67,0.93,0.286666667,741,HIIT,0,1,0,0,24.7,3.1,3,1,14.6
20,1,83,0.478309232,1.8,167,160,0.816326531,73,0.79,0.193333333,695,Yoga,1,0,0,0,29.6,2.9,2,1,25.62
44,1,82.5,0.472747497,1.79,167,155,0.714285714,70,1.51,0.673333333,1159,HIIT,0,1,0,0,13.8,3.5,5,3,25.75
46,0,66.5,0.294771969,1.73,163,142,0.448979592,56,1.11,0.406666667,709,Yoga,1,0,0,0,34.7,2,3,1,22.22
49,0,70.2,0.33592881,1.67,186,166,0.93877551,50,0.93,0.286666667,695,Strength,0,0,0,1,32.5,1.8,3,1,25.17
36,1,121.9,0.911012236,1.93,195,132,0.244897959,54,1.49,0.66,1082,Cardio,0,0,1,0,21.8,3.4,3,2,32.73
38,0,70.3,0.337041157,1.52,164,144,0.489795918,66,1.19,0.46,857,Yoga,1,0,0,0,25.6,2,4,2,30.43
22,0,40.3,0.003337041,1.56,192,121,0.020408163,57,1.45,0.633333333,877,HIIT,0,1,0,0,30.8,2.1,4,2,16.56
35,1,101.4,0.68298109,1.76,193,121,0.020408163,64,0.84,0.226666667,559,HIIT,0,1,0,0,23.6,2.9,2,1,32.74
45,1,79.2,0.436040044,1.95,189,135,0.306122449,69,1.47,0.646666667,982,Yoga,1,0,0,0,22.8,2.8,3,2,20.83
59,0,75.8,0.398220245,1.77,167,128,0.163265306,53,1.46,0.64,841,Strength,0,0,0,1,33.1,1.8,3,1,24.19
39,1,71.7,0.352614016,1.88,198,147,0.551020408,51,0.55,0.033333333,445,Cardio,0,0,1,0,23.7,2.2,2,1,20.29
38,0,57.7,0.196885428,1.56,185,132,0.244897959,54,1.64,0.76,1082,HIIT,0,1,0,0,16.6,2.7,5,3,23.71
23,0,47.4,0.082313682,1.6,196,154,0.693877551,50,0.76,0.173333333,585,Strength,0,0,0,1,33.5,1.6,3,1,18.52
18,0,57.2,0.191323693,1.75,193,160,0.816326531,74,1.29,0.526666667,1032,Cardio,0,0,1,0,33.5,2.4,3,2,18.68
22,0,44.8,0.053392659,1.72,166,132,0.244897959,54,1.48,0.653333333,977,Cardio,0,0,1,0,28.6,1.8,4,2,15.14
58,1,90.2,0.55839822,1.72,199,150,0.612244898,55,0.9,0.266666667,668,HIIT,0,1,0,0,28.3,2.1,2,1,30.49
29,1,84.9,0.499443826,1.72,187,140,0.408163265,51,1.79,0.86,1378,Yoga,1,0,0,0,14.3,3.5,4,3,28.7
43,1,95.7,0.619577308,1.77,198,151,0.632653061,50,1.08,0.386666667,807,HIIT,0,1,0,0,24.2,3.4,3,1,30.55
51,1,59,0.21134594,1.65,198,153,0.673469388,53,1.22,0.48,924,HIIT,0,1,0,0,20.7,2.3,3,2,21.67
31,0,60.5,0.228031146,1.77,187,127,0.142857143,56,1.72,0.813333333,1092,HIIT,0,1,0,0,15,2.7,4,3,19.31
43,0,53.8,0.153503893,1.72,173,160,0.816326531,71,1.03,0.353333333,742,Strength,0,0,0,1,30.2,2.3,4,2,18.19
44,1,86.6,0.518353726,1.97,197,167,0.959183673,50,1.66,0.773333333,1372,Yoga,1,0,0,0,11.7,3.5,5,3,22.31
26,0,72.8,0.364849833,1.67,163,121,0.020408163,50,1.37,0.58,829,Strength,0,0,0,1,35,1.9,2,1,26.1
43,0,66.3,0.292547275,1.77,177,157,0.755102041,57,1.48,0.653333333,1046,HIIT,0,1,0,0,32.7,1.7,4,2,21.16
39,0,56,0.177975528,1.6,184,151,0.632653061,69,0.89,0.26,672,Yoga,1,0,0,0,32.6,2,2,1,21.87
47,1,45.9,0.065628476,1.93,166,159,0.795918367,65,1.29,0.526666667,1015,Cardio,0,0,1,0,29.6,2,3,2,12.32
34,1,88,0.533926585,1.64,197,147,0.551020408,70,1.9,0.933333333,1536,Yoga,1,0,0,0,14.4,3.5,4,3,32.72
43,1,94,0.600667408,1.79,187,156,0.734693878,62,1.31,0.54,1012,HIIT,0,1,0,0,23.2,3.4,2,1,29.34
53,0,44.7,0.052280311,1.79,164,160,0.816326531,72,1.34,0.56,965,Yoga,1,0,0,0,26.7,2.1,3,2,13.95
18,1,63.2,0.258064516,1.63,162,120,0,73,0.66,0.106666667,436,Cardio,0,0,1,0,27.5,2.2,3,1,23.79
25,1,95.6,0.618464961,1.9,190,160,0.816326531,72,1.47,0.646666667,1294,Cardio,0,0,1,0,23.8,2.4,4,2,26.48
52,1,47.8,0.08676307,1.86,179,129,0.183673469,67,1.01,0.34,645,Yoga,1,0,0,0,24.7,2.8,3,2,13.82
32,1,85.3,0.503893215,1.64,178,123,0.06122449,69,1.77,0.846666667,1197,Cardio,0,0,1,0,13.2,3.5,4,3,31.71
39,1,59.7,0.219132369,1.83,170,154,0.693877551,59,1.35,0.566666667,1143,Strength,0,0,0,1,29.1,2.3,4,2,17.83
31,1,70.2,0.33592881,1.98,199,129,0.183673469,61,0.71,0.14,504,Yoga,1,0,0,0,24.2,2.5,2,1,17.91
43,0,72.7,0.363737486,1.8,162,166,0.93877551,50,0.79,0.193333333,590,Cardio,0,0,1,0,32.8,2.1,3,1,22.44
45,0,50.4,0.115684093,1.79,182,130,0.204081633,59,0.74,0.16,433,Cardio,0,0,1,0,27.7,2.5,2,1,15.73
40,1,81.7,0.463848721,1.74,166,133,0.265306122,58,0.91,0.273333333,666,Yoga,1,0,0,0,27,2.7,2,1,26.99
31,1,49.3,0.103448276,1.62,182,157,0.755102041,52,0.56,0.04,484,Strength,0,0,0,1,20,3.2,2,1,18.79
41,0,61.9,0.243604004,1.64,166,131,0.224489796,68,1.93,0.953333333,1138,Yoga,1,0,0,0,19.4,2.7,4,3,23.01
19,0,49.1,0.101223582,1.68,193,164,0.897959184,58,1.42,0.613333333,1164,Cardio,0,0,1,0,25.3,2.6,4,2,17.4
43,1,66.5,0.294771969,1.83,178,136,0.326530612,59,1.11,0.406666667,747,Yoga,1,0,0,0,27.1,2.4,3,2,19.86
31,1,75.5,0.394883204,1.93,168,135,0.306122449,68,0.6,0.066666667,446,Cardio,0,0,1,0,20.5,3.4,2,1,20.27
24,1,88.2,0.536151279,1.79,177,154,0.693877551,65,1.76,0.84,1491,HIIT,0,1,0,0,11.3,3.5,4,3,27.53
20,1,74.8,0.387096774,1.75,184,121,0.020408163,73,1.33,0.553333333,885,Yoga,1,0,0,0,25,3.3,3,2,24.42
40,0,72.2,0.358175751,1.6,173,130,0.204081633,67,0.87,0.246666667,566,Yoga,1,0,0,0,29.2,1.9,3,1,28.2
35,1,62.8,0.253615128,1.63,184,160,0.816326531,63,1.41,0.606666667,1241,Cardio,0,0,1,0,21.9,3.7,4,2,23.64
55,1,84.7,0.497219132,1.79,178,122,0.040816327,52,1.19,0.46,719,Cardio,0,0,1,0,23.3,2.4,3,2,26.43
52,1,116.5,0.850945495,1.69,198,148,0.571428571,51,0.53,0.02,388,Cardio,0,0,1,0,27.3,2.4,2,1,40.79
32,1,77.4,0.416017798,1.92,174,137,0.346938776,50,1.39,0.593333333,1047,Cardio,0,0,1,0,26.7,3.3,3,2,21
42,0,72.9,0.36596218,1.62,175,139,0.387755102,67,1.17,0.446666667,732,Yoga,1,0,0,0,25.7,2,4,2,27.78
54,0,58.4,0.204671858,1.59,186,166,0.93877551,73,1.08,0.386666667,807,Cardio,0,0,1,0,32.5,1.9,2,1,23.1
45,0,64.3,0.270300334,1.54,199,133,0.265306122,58,1.67,0.78,999,Yoga,1,0,0,0,15.3,2.7,4,3,27.11
27,1,89.3,0.548387097,1.87,169,153,0.673469388,62,1.62,0.746666667,1363,Strength,0,0,0,1,12.7,3.5,5,3,25.54
56,1,90.2,0.55839822,1.61,163,168,0.979591837,51,1.38,0.586666667,1148,Yoga,1,0,0,0,22.6,2.3,3,2,34.8
34,0,59,0.21134594,1.62,178,150,0.612244898,56,1.13,0.42,847,Cardio,0,0,1,0,30.9,2.4,4,2,22.48
56,1,58.7,0.208008899,1.86,187,159,0.795918367,65,1.09,0.393333333,858,Cardio,0,0,1,0,22.6,3.3,3,2,16.97
39,1,127.5,0.973303671,1.82,180,161,0.836734694,70,1.26,0.506666667,1116,Strength,0,0,0,1,29.8,3,3,2,38.49
43,0,68.6,0.318131257,1.52,173,137,0.346938776,68,1.42,0.613333333,875,Yoga,1,0,0,0,28.1,2.6,4,2,29.69
42,0,56.7,0.185761958,1.53,192,149,0.591836735,74,1.07,0.38,717,Strength,0,0,0,1,27.4,1.9,3,1,24.22
34,0,64.5,0.272525028,1.78,169,144,0.489795918,64,1.33,0.553333333,958,Yoga,1,0,0,0,27.8,1.8,4,2,20.36
30,0,61.6,0.240266963,1.52,178,138,0.367346939,71,1.78,0.853333333,1228,Cardio,0,0,1,0,19.5,2.7,4,3,26.66
37,1,75.1,0.390433815,1.82,189,127,0.142857143,60,1.23,0.486666667,859,Yoga,1,0,0,0,26.4,3.2,4,2,22.67
42,1,79.3,0.437152392,1.93,181,147,0.551020408,50,1.22,0.48,888,Cardio,0,0,1,0,27.3,3.3,2,1,21.29
21,0,72.6,0.362625139,1.68,162,127,0.142857143,70,1.19,0.46,756,Cardio,0,0,1,0,34.2,1.8,3,2,25.72
27,1,76.7,0.408231368,1.7,196,150,0.612244898,56,0.96,0.306666667,792,HIIT,0,1,0,0,29.1,2.1,3,1,26.54
20,0,44.2,0.046718576,1.61,177,122,0.040816327,69,1.08,0.386666667,659,HIIT,0,1,0,0,32.4,2.5,2,1,17.05
58,0,56.5,0.183537264,1.7,170,122,0.040816327,57,0.74,0.16,406,Yoga,1,0,0,0,27,2.7,2,1,19.55
35,1,100.9,0.677419355,1.63,161,163,0.87755102,59,1.1,0.4,986,Cardio,0,0,1,0,28.4,3.1,2,1,37.98
53,0,55.8,0.175750834,1.55,171,141,0.428571429,54,1.12,0.413333333,711,Strength,0,0,0,1,27,1.8,4,2,23.23
39,1,58.3,0.203559511,1.93,165,136,0.326530612,58,1.35,0.566666667,1010,Cardio,0,0,1,0,27.4,3.7,4,2,15.65
51,1,48.6,0.095661846,1.77,199,155,0.714285714,74,1.47,0.646666667,1128,Strength,0,0,0,1,26.9,3.5,2,1,15.51
25,1,81.7,0.463848721,1.95,188,136,0.326530612,74,1.94,0.96,1451,Yoga,1,0,0,0,13.8,3.5,4,3,21.49
57,1,85.6,0.507230256,1.69,189,133,0.265306122,50,1.76,0.84,1159,Yoga,1,0,0,0,12.7,3.5,5,3,29.97
36,0,60,0.22246941,1.72,161,128,0.163265306,51,1.63,0.753333333,1043,Strength,0,0,0,1,18.2,2.7,5,3,20.28
59,1,126.4,0.961067853,1.69,168,149,0.591836735,68,1.24,0.493333333,915,Strength,0,0,0,1,29.5,2.9,3,1,44.26
58,0,75.4,0.393770857,1.78,161,140,0.408163265,63,1.05,0.366666667,662,Cardio,0,0,1,0,26,2.5,4,2,23.8
54,0,64.2,0.269187987,1.69,188,131,0.224489796,69,1.69,0.793333333,996,Yoga,1,0,0,0,16.5,2.7,4,3,22.48
23,0,65.2,0.280311457,1.62,192,156,0.734693878,59,1.37,0.58,1069,Cardio,0,0,1,0,31.1,2.5,3,2,24.84
43,0,70.1,0.334816463,1.66,169,151,0.632653061,58,0.99,0.326666667,673,Strength,0,0,0,1,34.6,2.6,2,1,25.44
51,1,102.6,0.696329255,1.77,193,130,0.204081633,59,1.21,0.473333333,779,HIIT,0,1,0,0,21,3.4,2,1,32.75
23,1,107.2,0.747497219,1.93,167,139,0.387755102,55,1.15,0.433333333,879,HIIT,0,1,0,0,20.2,3.1,4,2,28.78
54,0,56.5,0.183537264,1.75,196,154,0.693877551,66,1.76,0.84,1220,HIIT,0,1,0,0,15.3,2.7,5,3,18.45
50,0,61.6,0.240266963,1.75,192,166,0.93877551,74,1.22,0.48,911,Strength,0,0,0,1,25.5,2.2,4,2,20.11
39,1,81.7,0.463848721,1.75,165,165,0.918367347,55,1.32,0.546666667,1198,Cardio,0,0,1,0,29.1,2.8,4,2,26.68
38,0,76.6,0.407119021,1.58,199,130,0.204081633,53,0.74,0.16,481,Yoga,1,0,0,0,32.2,2.3,2,1,30.68
23,1,116.8,0.854282536,1.79,178,127,0.142857143,69,1,0.333333333,698,Strength,0,0,0,1,26.8,3.4,4,2,36.45
23,0,60.1,0.223581758,1.59,191,123,0.06122449,52,1.8,0.866666667,1107,HIIT,0,1,0,0,17.6,2.7,4,3,23.77
21,1,93.7,0.597330367,1.73,186,146,0.530612245,72,1,0.333333333,803,Cardio,0,0,1,0,27.8,3.6,2,1,31.31
47,0,41.6,0.017797553,1.58,160,163,0.87755102,68,1.03,0.353333333,756,Yoga,1,0,0,0,26.6,2.1,4,2,16.66
28,0,55.1,0.167964405,1.79,192,159,0.795918367,67,1.99,0.993333333,1582,Yoga,1,0,0,0,17,2.7,5,3,17.2
47,1,127.1,0.968854283,1.76,199,157,0.755102041,73,0.71,0.14,552,Strength,0,0,0,1,24.9,3,2,1,41.03
48,0,69.1,0.323692992,1.6,191,166,0.93877551,53,1.34,0.56,1001,Strength,0,0,0,1,26.1,2,4,2,26.99
41,0,66.8,0.29810901,1.74,164,149,0.591836735,57,1.34,0.56,898,Yoga,1,0,0,0,29.2,2.3,3,1,22.06
26,1,125.5,0.95105673,1.76,176,163,0.87755102,66,1.15,0.433333333,1031,Yoga,1,0,0,0,23.2,3.1,4,2,40.52
20,0,71.3,0.348164627,1.58,167,167,0.959183673,54,1.07,0.38,893,HIIT,0,1,0,0,25.4,1.5,3,2,28.56
48,1,129.2,0.992213571,1.61,193,167,0.959183673,62,1.06,0.373333333,876,Yoga,1,0,0,0,21.4,2.9,4,2,49.84
57,1,96.3,0.62625139,1.86,168,146,0.530612245,74,1.1,0.4,795,Strength,0,0,0,1,27.6,2.2,3,2,27.84
54,0,67.5,0.305895439,1.54,182,140,0.408163265,50,0.72,0.146666667,454,Cardio,0,0,1,0,25.2,1.5,3,1,28.46
53,0,64.4,0.271412681,1.55,194,139,0.387755102,62,1.77,0.846666667,1107,HIIT,0,1,0,0,19.7,2.7,4,3,26.81
41,0,64.9,0.276974416,1.57,166,123,0.06122449,53,1.04,0.36,576,HIIT,0,1,0,0,25.9,2.4,4,2,26.33
48,0,52.3,0.136818687,1.66,174,130,0.204081633,71,0.74,0.16,433,Yoga,1,0,0,0,33,1.8,3,1,18.98
23,0,56.7,0.185761958,1.55,179,132,0.244897959,73,1.38,0.586666667,911,Cardio,0,0,1,0,34,1.9,4,2,23.6
19,0,46.8,0.0756396,1.63,184,128,0.163265306,63,1.35,0.566666667,864,HIIT,0,1,0,0,34.4,1.6,4,2,17.61
37,0,70.3,0.337041157,1.77,162,123,0.06122449,52,1.01,0.34,621,Strength,0,0,0,1,33.7,1.7,2,1,22.44
45,1,80.8,0.453837597,1.76,183,131,0.224489796,54,1.7,0.8,1102,Yoga,1,0,0,0,11.4,3.5,4,3,26.08
28,0,56,0.177975528,1.5,193,128,0.163265306,56,1.94,0.96,1242,Strength,0,0,0,1,16.7,2.7,5,3,24.89
21,1,101.2,0.680756396,1.84,181,132,0.244897959,50,1.3,0.533333333,944,Yoga,1,0,0,0,24.3,3.3,2,1,29.89
32,0,56.6,0.184649611,1.57,170,167,0.959183673,72,1.65,0.766666667,1378,HIIT,0,1,0,0,15.7,2.7,4,3,22.96
23,0,40.9,0.010011123,1.75,167,145,0.510204082,61,0.82,0.213333333,594,Yoga,1,0,0,0,25.2,2.1,3,1,13.36
47,1,127.8,0.976640712,1.65,198,157,0.755102041,60,0.77,0.18,598,Cardio,0,0,1,0,28.7,3.5,2,1,46.94
55,0,49.3,0.103448276,1.76,194,161,0.836734694,73,1.28,0.52,927,Strength,0,0,0,1,30.5,2,2,1,15.92
19,0,64.3,0.270300334,1.63,197,132,0.244897959,57,1.87,0.913333333,1234,Cardio,0,0,1,0,18,2.7,5,3,24.2
32,1,49.3,0.103448276,1.62,167,158,0.775510204,74,1.18,0.453333333,1025,Strength,0,0,0,1,29.3,2.5,3,2,18.79
28,0,63,0.255839822,1.62,196,147,0.551020408,55,0.68,0.12,500,Strength,0,0,0,1,31.7,1.9,2,1,24.01
25,0,41.1,0.012235818,1.67,186,138,0.367346939,71,1.03,0.353333333,711,Yoga,1,0,0,0,31.9,2.4,3,2,14.74
43,0,40.5,0.005561735,1.74,187,143,0.469387755,51,1.5,0.666666667,965,HIIT,0,1,0,0,32.9,2.2,3,2,13.38
22,1,71,0.344827586,1.62,199,138,0.367346939,68,0.91,0.273333333,691,HIIT,0,1,0,0,21.2,3.5,2,1,27.05
23,0,60.9,0.232480534,1.62,193,168,0.979591837,69,1.59,0.726666667,1336,Cardio,0,0,1,0,16.8,2.7,5,3,23.21
43,0,64.7,0.274749722,1.66,191,132,0.244897959,69,1.88,0.92,1117,Yoga,1,0,0,0,19.8,2.7,4,3,23.48
21,0,51,0.122358176,1.71,174,132,0.244897959,73,1.07,0.38,706,HIIT,0,1,0,0,34.2,2.2,3,2,17.44
36,0,57.7,0.196885428,1.77,176,147,0.551020408,63,1.65,0.766666667,1213,Strength,0,0,0,1,19.4,2.7,4,3,18.42
37,1,76.9,0.410456062,1.82,192,121,0.020408163,50,1.49,0.66,992,Strength,0,0,0,1,24.5,2.8,4,2,23.22
50,1,80.5,0.450500556,1.77,175,129,0.183673469,59,1.85,0.9,1181,Yoga,1,0,0,0,14.3,3.5,4,3,25.7
37,0,73.3,0.370411568,1.74,188,141,0.428571429,65,1.03,0.353333333,726,Cardio,0,0,1,0,25.5,2.4,3,2,24.21
29,0,49,0.100111235,1.57,168,132,0.244897959,53,1.33,0.553333333,878,Yoga,1,0,0,0,26.5,2.6,3,2,19.88
18,1,114.5,0.828698554,1.97,192,128,0.163265306,60,1.03,0.353333333,725,Cardio,0,0,1,0,24.1,2.6,3,1,29.5
43,1,81,0.456062291,1.78,188,152,0.653061224,65,1.58,0.72,1189,Yoga,1,0,0,0,12.4,3.5,5,3,25.56
31,0,53.5,0.150166852,1.76,172,133,0.265306122,69,1.22,0.48,811,Strength,0,0,0,1,27.6,1.8,4,2,17.27
55,1,52.1,0.134593993,1.68,180,167,0.959183673,50,0.77,0.18,637,Yoga,1,0,0,0,23.6,3,3,1,18.46
54,0,70.1,0.334816463,1.52,180,139,0.387755102,65,0.76,0.173333333,475,HIIT,0,1,0,0,26.6,2.1,2,1,30.34
28,1,86.9,0.521690768,1.78,164,134,0.285714286,68,1.29,0.526666667,951,HIIT,0,1,0,0,24.9,3.7,4,2,27.43
53,1,73.4,0.371523915,1.76,169,151,0.632653061,70,1.09,0.393333333,815,Yoga,1,0,0,0,27.9,2.8,3,2,23.7
30,1,90,0.556173526,1.66,165,152,0.653061224,71,1.32,0.546666667,1104,Cardio,0,0,1,0,26.6,2.1,4,2,32.66
20,1,85.7,0.508342603,1.92,172,136,0.326530612,58,1.72,0.813333333,1287,Cardio,0,0,1,0,10.5,3.5,5,3,23.25
50,0,70.4,0.338153504,1.55,160,143,0.469387755,58,0.73,0.153333333,470,Strength,0,0,0,1,29.9,2.7,2,1,29.3
23,1,57.7,0.196885428,1.71,179,149,0.591836735,58,1.15,0.433333333,942,Strength,0,0,0,1,27,3.4,3,2,19.73
27,1,75.7,0.397107898,1.76,167,132,0.244897959,66,0.68,0.12,494,Cardio,0,0,1,0,25.3,2.3,3,1,24.44
22,0,61.8,0.242491657,1.52,169,166,0.93877551,61,1.83,0.886666667,1519,Yoga,1,0,0,0,17,2.7,5,3,26.75
40,1,80.3,0.448275862,1.76,168,167,0.959183673,74,1.63,0.753333333,1497,Strength,0,0,0,1,13.1,3.5,5,3,25.92
27,1,104.3,0.715239155,1.68,162,135,0.306122449,62,1.28,0.52,950,Cardio,0,0,1,0,29.7,3.5,3,2,36.95
19,0,65.7,0.285873192,1.58,170,121,0.020408163,57,1.46,0.64,883,Cardio,0,0,1,0,25.9,1.9,3,2,26.32
30,1,120.3,0.893214683,1.96,171,136,0.326530612,65,0.66,0.106666667,494,Yoga,1,0,0,0,23.9,2.6,2,1,31.32
57,0,51.9,0.132369299,1.57,169,151,0.632653061,67,1.05,0.366666667,713,HIIT,0,1,0,0,29.1,2.6,3,2,21.06
19,0,59.1,0.212458287,1.57,184,162,0.857142857,50,1.65,0.766666667,1336,Cardio,0,0,1,0,17.9,2.7,5,3,23.98
37,0,66.9,0.299221357,1.75,184,127,0.142857143,50,1.38,0.586666667,876,Strength,0,0,0,1,26.5,2.1,4,2,21.84
18,0,66.9,0.299221357,1.75,170,122,0.040816327,61,0.94,0.293333333,573,Yoga,1,0,0,0,26.8,1.7,2,1,21.84
54,1,78.7,0.430478309,1.66,195,131,0.224489796,55,1.42,0.613333333,921,Yoga,1,0,0,0,22.9,2.6,3,2,28.56
26,0,62.4,0.24916574,1.61,198,139,0.387755102,58,1.88,0.92,1307,Yoga,1,0,0,0,19.8,2.7,4,3,24.07
34,1,102.1,0.690767519,1.71,185,135,0.306122449,72,0.96,0.306666667,713,HIIT,0,1,0,0,27.3,3.2,2,1,34.92
26,1,51.9,0.132369299,2,173,133,0.265306122,54,0.75,0.166666667,549,HIIT,0,1,0,0,26.6,2.3,2,1,12.97
28,1,58.3,0.203559511,2,198,135,0.306122449,65,1.32,0.546666667,980,Strength,0,0,0,1,28.2,3,4,2,14.57
32,1,89.8,0.553948832,1.92,199,168,0.979591837,67,1.93,0.953333333,1783,Strength,0,0,0,1,10.6,3.5,4,3,24.36
41,1,101.1,0.679644049,1.83,160,162,0.857142857,66,0.79,0.193333333,634,Yoga,1,0,0,0,28.6,3.2,2,1,30.19
55,1,118.6,0.874304783,1.72,163,168,0.979591837,67,0.77,0.18,640,Strength,0,0,0,1,25.9,2.6,3,1,40.09
52,1,84.8,0.498331479,1.85,189,152,0.653061224,50,1.19,0.46,895,Cardio,0,0,1,0,23.4,3.2,2,1,24.78
47,1,80,0.444938821,1.77,171,149,0.591836735,68,0.72,0.146666667,531,HIIT,0,1,0,0,28.2,3.5,3,1,25.54
48,1,73.1,0.368186874,1.83,194,131,0.224489796,71,1.05,0.366666667,681,Yoga,1,0,0,0,28,2.8,4,2,21.83
22,1,117.3,0.859844271,1.68,172,134,0.285714286,57,1.24,0.493333333,914,Yoga,1,0,0,0,28.5,2.7,3,2,41.56
31,0,77.4,0.416017798,1.71,190,137,0.346938776,52,1.26,0.506666667,863,Cardio,0,0,1,0,26.2,1.8,4,2,26.47
28,0,72.9,0.36596218,1.67,197,147,0.551020408,74,1.13,0.42,831,Cardio,0,0,1,0,34.7,2.2,3,2,26.14
26,0,71.2,0.34705228,1.5,182,142,0.448979592,54,1.15,0.433333333,816,Cardio,0,0,1,0,34.6,2.6,2,1,31.64
51,1,88.2,0.536151279,1.62,163,133,0.265306122,72,1.56,0.706666667,1027,Cardio,0,0,1,0,11.8,3.5,4,3,33.61
29,0,75.6,0.395995551,1.8,175,149,0.591836735,57,1.31,0.54,976,Yoga,1,0,0,0,25.7,1.9,4,2,23.33
52,0,57.9,0.199110122,1.56,166,152,0.653061224,68,1.66,0.773333333,1135,HIIT,0,1,0,0,15.8,2.7,4,3,23.79
52,0,70.6,0.340378198,1.58,181,164,0.897959184,67,1.02,0.346666667,753,HIIT,0,1,0,0,34.9,2,3,2,28.28
18,1,118.6,0.874304783,1.64,188,134,0.285714286,67,0.94,0.293333333,693,Cardio,0,0,1,0,25.6,2.7,3,1,44.1
57,1,55.7,0.174638487,1.99,170,126,0.12244898,70,1.13,0.42,705,Strength,0,0,0,1,23.6,3,3,2,14.07
39,1,102.3,0.692992214,1.94,192,134,0.285714286,50,0.89,0.26,656,Yoga,1,0,0,0,22.9,2.4,3,1,27.18
46,1,72.6,0.362625139,1.87,188,161,0.836734694,64,1.31,0.54,1044,HIIT,0,1,0,0,22.6,3.4,4,2,20.76
25,0,63.8,0.264738598,1.68,198,165,0.918367347,67,0.95,0.3,784,Cardio,0,0,1,0,31.6,1.9,2,1,22.6
28,0,67.3,0.303670745,1.67,171,157,0.755102041,74,0.61,0.073333333,479,Strength,0,0,0,1,29.2,2.3,3,1,24.13
58,0,59.3,0.214682981,1.58,166,165,0.918367347,56,1.97,0.98,1463,Strength,0,0,0,1,19.8,2.7,4,3,23.75
54,0,70.7,0.341490545,1.57,198,163,0.87755102,65,1.14,0.426666667,836,Cardio,0,0,1,0,31.8,2.1,3,1,28.68
31,1,86.9,0.521690768,1.69,185,130,0.204081633,65,1.72,0.813333333,1230,Yoga,1,0,0,0,14,3.5,4,3,30.43
47,1,98.2,0.647385984,1.9,199,148,0.571428571,64,0.76,0.173333333,557,HIIT,0,1,0,0,22.9,3,3,1,27.2
52,1,63.6,0.262513904,1.62,168,150,0.612244898,55,1.3,0.533333333,965,Strength,0,0,0,1,20.8,2.3,4,2,24.23
38,0,45.2,0.057842047,1.68,193,144,0.489795918,58,1.01,0.34,727,HIIT,0,1,0,0,29.9,2.4,3,2,16.01
54,1,117.2,0.858731924,1.62,172,143,0.469387755,56,1.04,0.36,736,HIIT,0,1,0,0,23.1,2.3,4,2,44.66
22,1,107.4,0.749721913,1.74,195,138,0.367346939,63,1.34,0.56,1017,Strength,0,0,0,1,22,2.2,2,1,35.47
36,0,59.1,0.212458287,1.78,184,121,0.020408163,60,0.85,0.233333333,514,Cardio,0,0,1,0,34.5,2.2,2,1,18.65
31,0,53.3,0.147942158,1.64,183,141,0.428571429,70,0.57,0.046666667,402,Strength,0,0,0,1,29.4,2.4,3,1,19.82
43,1,46.2,0.068965517,1.63,176,139,0.387755102,65,1.18,0.453333333,812,Strength,0,0,0,1,21.7,2.1,2,1,17.39
21,1,67,0.300333704,1.61,161,152,0.653061224,74,1.32,0.546666667,1104,Yoga,1,0,0,0,22,2.1,3,2,25.85
42,1,86.3,0.515016685,1.77,172,127,0.142857143,55,1.77,0.846666667,1113,HIIT,0,1,0,0,11.4,3.5,4,3,27.55
59,1,85.5,0.506117909,1.67,190,144,0.489795918,71,1.99,0.993333333,1418,Cardio,0,0,1,0,15,3.5,5,3,30.66
42,1,70.2,0.33592881,1.87,188,165,0.918367347,65,1.38,0.586666667,1127,HIIT,0,1,0,0,22.7,3.4,3,2,20.07
35,1,127.1,0.968854283,1.62,187,128,0.163265306,69,1.02,0.346666667,718,Strength,0,0,0,1,23.3,3.4,4,2,48.43
57,0,75.6,0.395995551,1.67,186,153,0.673469388,65,1.05,0.366666667,723,Cardio,0,0,1,0,31.6,1.8,3,2,27.11
25,0,62.6,0.251390434,1.65,174,142,0.448979592,61,1.2,0.466666667,852,Cardio,0,0,1,0,27.9,2.2,3,1,22.99
56,0,55.7,0.174638487,1.53,190,124,0.081632653,66,1.91,0.94,1066,Cardio,0,0,1,0,16.1,2.7,5,3,23.79
57,1,96.1,0.624026696,1.74,199,144,0.489795918,54,1.21,0.473333333,862,Cardio,0,0,1,0,21.6,2.8,3,2,31.74
31,0,76.7,0.408231368,1.62,174,127,0.142857143,74,1.39,0.593333333,883,Yoga,1,0,0,0,28.1,2.3,4,2,29.23
49,1,57.2,0.191323693,1.89,192,135,0.306122449,62,1.14,0.426666667,762,Cardio,0,0,1,0,21.1,3.5,2,1,16.01
55,1,69.9,0.332591769,1.81,179,167,0.959183673,57,1.2,0.466666667,992,Strength,0,0,0,1,20.2,2.1,4,2,21.34
50,0,67.9,0.310344828,1.77,171,164,0.897959184,73,1.03,0.353333333,760,Yoga,1,0,0,0,33,2.4,3,2,21.67
40,1,87.9,0.532814238,1.87,196,134,0.285714286,54,1.96,0.973333333,1445,Strength,0,0,0,1,10.7,3.5,5,3,25.14
32,1,102.8,0.698553949,1.98,168,120,0,61,1.24,0.493333333,818,Strength,0,0,0,1,27.8,2.8,3,2,26.22
50,0,51.8,0.131256952,1.5,182,141,0.428571429,58,1.32,0.546666667,838,HIIT,0,1,0,0,33,2.2,3,1,23.02
42,0,57.7,0.196885428,1.57,167,122,0.040816327,52,1.83,0.886666667,1005,Cardio,0,0,1,0,17.7,2.7,4,3,23.41
34,0,66.5,0.294771969,1.69,191,157,0.755102041,52,0.81,0.206666667,636,Cardio,0,0,1,0,28.1,2.3,3,1,23.28
50,1,95.4,0.616240267,1.61,173,133,0.265306122,50,1.16,0.44,764,Strength,0,0,0,1,21.5,3.6,4,2,36.8
19,0,69.2,0.324805339,1.6,186,155,0.714285714,74,1.17,0.446666667,907,Cardio,0,0,1,0,32.4,1.6,3,1,27.03
31,0,66.6,0.295884316,1.67,184,137,0.346938776,71,1.02,0.346666667,699,Yoga,1,0,0,0,31,1.5,4,2,23.88
57,1,83.4,0.482758621,1.65,172,166,0.93877551,67,1.57,0.713333333,1290,HIIT,0,1,0,0,13.3,3.5,4,3,30.63
57,0,43.8,0.042269188,1.75,180,160,0.816326531,73,1.39,0.593333333,1001,Cardio,0,0,1,0,25.1,1.7,2,1,14.3
56,0,64.2,0.269187987,1.69,190,137,0.346938776,61,1.99,0.993333333,1227,Cardio,0,0,1,0,19.6,2.7,5,3,22.48
23,0,44.1,0.045606229,1.62,196,122,0.040816327,58,0.58,0.053333333,354,Yoga,1,0,0,0,25.7,2.7,2,1,16.8
23,1,87.3,0.526140156,1.91,164,129,0.183673469,58,1.87,0.913333333,1327,HIIT,0,1,0,0,11.8,3.5,5,3,23.93
20,1,55,0.166852058,1.6,172,168,0.979591837,67,1.12,0.413333333,1035,Yoga,1,0,0,0,24,3.2,4,2,21.48
24,1,87.1,0.523915462,1.74,187,158,0.775510204,67,1.57,0.713333333,1364,Strength,0,0,0,1,10,3.5,4,3,28.77
25,1,66.6,0.295884316,1.61,184,166,0.93877551,56,1.38,0.586666667,1260,Strength,0,0,0,1,25,3,2,1,25.69
59,0,60.4,0.226918799,1.76,194,120,0,53,1.72,0.813333333,929,Cardio,0,0,1,0,18.8,2.7,5,3,19.5
32,1,126.4,0.961067853,1.83,198,146,0.530612245,62,1.1,0.4,883,HIIT,0,1,0,0,28.2,2.1,3,2,37.74
46,1,88.7,0.541713014,1.63,166,146,0.530612245,66,0.75,0.166666667,542,Strength,0,0,0,1,28.8,3.5,2,1,33.38
